mode,w,seed,ranker,seconds,matches,gini_matches,zero_match_pct,dead_like_share,a_gini_matches,a_zero_match_pct,a_gini_likes_received,a_like_rate,a_likes_sent_per_user,a_views_per_user_day,a_dead_like_share,a_exposure,a_cap_hit_share,a_u_decile_0,a_u_decile_1,a_u_decile_2,a_u_decile_3,a_u_decile_4,a_u_decile_5,a_u_decile_6,a_u_decile_7,a_u_decile_8,a_u_decile_9,b_gini_matches,b_zero_match_pct,b_gini_likes_received,b_like_rate,b_likes_sent_per_user,b_views_per_user_day,b_dead_like_share,b_exposure,b_cap_hit_share,b_u_decile_0,b_u_decile_1,b_u_decile_2,b_u_decile_3,b_u_decile_4,b_u_decile_5,b_u_decile_6,b_u_decile_7,b_u_decile_8,b_u_decile_9
hinge,0.1,0,random,0.052591290790587664,3670,0.4773841961852861,6.2,0.03454690406590486,0.5236185286103542,9.2,0.5105394659910348,0.3543425345693718,27.368,12.872666666666667,0.009354901578639642,0.173472,0.346,4.0,6.44,5.26,7.34,6.7,7.72,10.26,7.54,9.52,8.62,0.4271596730245232,3.2,0.2961689564454838,0.09454230542452831,10.262,18.090666666666667,0.04399298450745396,0.26304,0.03666666666666667,8.4,8.92,9.94,9.3,7.6,8.06,6.22,6.22,5.2,3.54
hinge,0.1,0,popularity,0.09013279108330607,2314,0.6086594641313743,19.400000000000002,0.6364909359270333,0.7315090751944685,31.0,0.8487588932806324,0.5472214083406582,33.618,10.239,0.5339088828791346,0.139652,0.5036666666666667,2.62,5.24,2.3,4.1,3.4,3.84,8.28,4.9,5.96,5.64,0.44146931719965427,7.8,0.8274118626926051,0.19853381517811047,19.228,16.141666666666666,0.6951633053721221,0.211812,0.166,3.72,5.86,5.58,5.36,5.08,5.1,4.14,4.32,4.22,2.9
hinge,0.1,0,elo,0.0761868751142174,3132,0.5110341634738187,10.299999999999999,0.011489099366698426,0.5232860791826309,11.4,0.4460416851441242,0.3401362279649991,26.666,13.066333333333333,0.0008869179600886918,0.1688,0.3416666666666667,3.38,5.94,4.92,5.96,5.4,7.22,8.44,6.7,6.96,7.72,0.4974572158365262,9.2,0.20564149103727594,0.08321647354048269,9.02,18.065333333333335,0.01507537688442211,0.239724,0.03833333333333333,6.06,6.64,7.72,7.86,6.58,7.38,5.42,5.42,5.68,3.88
hinge,0.1,0,one_sided_oracle,0.048290290869772434,6050,0.4617900826446281,4.1000000000000005,0.31461007202774405,0.5341097520661157,7.3999999999999995,0.63200532809871,0.8722899122021143,38.946,7.441333333333334,0.25427650028042625,0.129904,0.6546666666666666,6.12,10.56,8.86,11.6,12.1,12.56,17.26,12.14,15.08,14.72,0.3778003305785124,0.8,0.621291531864633,0.3891738513587253,28.528,12.217333333333332,0.3588044985364351,0.18882,0.398,11.34,13.26,15.06,15.44,13.5,13.2,12.48,11.8,8.44,6.48
hinge,0.1,0,reciprocal_oracle,0.04589025001041591,7862,0.4363565250572373,1.7999999999999998,0.17475315503825278,0.4865621979140168,3.2,0.6237646589549262,0.6760674157303371,36.102,8.9,0.19218189070602312,0.133416,0.5656666666666667,8.98,14.1,11.92,15.98,15.5,17.14,20.82,16.52,18.08,18.2,0.3802167387433223,0.4,0.4557189075397485,0.29887222526883,25.07,13.980333333333334,0.16265026868317545,0.19984800000000003,0.298,19.56,20.14,20.46,19.78,16.24,15.4,15.08,13.02,10.18,7.38
hinge,0.1,1,random,0.0927132498472929,4101,0.4746237503048037,5.4,0.036893904261348996,0.52872909046574,8.0,0.5032828982418753,0.34634820867379007,27.552,13.258333333333333,0.01633812821878885,0.179736,0.34833333333333333,7.36,6.4,6.26,8.36,6.6,9.32,9.3,8.9,10.28,9.24,0.41377566447208,2.8000000000000003,0.3086887340301974,0.10223311546840959,11.262,18.36,0.04529616724738676,0.266544,0.044333333333333336,10.6,10.14,9.1,10.92,8.94,9.02,7.56,5.88,5.3,4.56
hinge,0.1,1,popularity,0.11314412509091198,2705,0.6037112754158965,15.9,0.6126712587994853,0.7248953789279112,25.8,0.8320638559148588,0.5056026236676687,33.3,10.977,0.5022513303315596,0.149892,0.49133333333333334,3.56,4.06,3.14,4.46,2.76,7.08,6.34,7.22,8.4,7.08,0.4347231053604436,6.0,0.8171956756756756,0.19907916717597685,19.544,16.362,0.6774774774774774,0.21537599999999998,0.175,5.98,6.5,5.98,6.26,6.46,5.76,5.08,4.8,4.0,3.28
hinge,0.1,1,elo,0.08629579190164804,3609,0.5181737323358271,9.8,0.01344115397224347,0.5330933776669438,11.200000000000001,0.42989575518262585,0.32752690832611653,26.474,13.471666666666666,0.002566633761105627,0.17542399999999997,0.33566666666666667,6.14,5.74,6.06,7.2,6.0,7.7,8.2,8.08,8.48,8.58,0.5023857024106401,8.4,0.22330664047744958,0.0924540011682243,10.13,18.261333333333333,0.017602175719573922,0.24223599999999998,0.050333333333333334,8.14,7.44,8.02,9.42,7.32,7.3,6.82,6.04,6.06,5.62
hinge,0.1,1,one_sided_oracle,0.07445833296515048,6735,0.45088270230141053,3.5999999999999996,0.3068464305559617,0.5185113585746103,6.2,0.5971246507190077,0.851509335194556,39.04,7.641333333333334,0.2277652831731752,0.13486,0.6563333333333333,11.16,10.72,13.18,13.5,9.6,13.96,15.92,14.88,15.8,15.98,0.3726761692650334,1.0,0.6346526639344262,0.4083433055965269,29.346,11.977666666666666,0.3662909836065574,0.18646,0.42033333333333334,14.54,14.68,15.66,17.94,14.2,15.8,13.34,11.22,9.1,8.22
hinge,0.1,1,reciprocal_oracle,0.07358700013719499,8526,0.4272105324888576,1.5,0.1700035124692659,0.48291954022988504,2.0,0.6203044006069802,0.652950282607913,36.274,9.259,0.20007587253414263,0.13861199999999999,0.5736666666666667,14.66,13.84,17.24,17.98,13.02,16.62,20.16,18.5,19.08,19.42,0.3625193525686137,1.0,0.4541598941390528,0.317368585807508,26.36,13.843,0.14815019021888956,0.20022800000000002,0.31633333333333336,22.14,20.92,19.78,22.5,17.94,18.38,15.8,13.3,10.38,9.38
hinge,0.1,2,random,0.08349437499418855,3604,0.4841947835738069,7.5,0.04693556836039811,0.5525227524972253,11.799999999999999,0.5215185459940653,0.3528048215113584,27.396,12.942,0.02373887240356083,0.1749,0.353,6.68,7.0,6.24,5.92,6.36,7.68,6.82,9.44,8.28,7.66,0.4069489456159822,3.2,0.30989516717769017,0.10107788921173494,10.784,17.781666666666666,0.05606657906263688,0.25894,0.044,10.1,8.04,8.74,7.92,10.0,7.32,6.62,5.1,4.06,4.18
hinge,0.1,2,popularity,0.1352368330117315,2161,0.610125867653864,19.900000000000002,0.6489739468470825,0.7377260527533549,31.6,0.8525946054750403,0.5358633655163624,33.634,10.461,0.5690418679549114,0.14174,0.49333333333333335,3.74,4.2,2.46,3.8,4.84,2.86,3.04,7.0,5.68,5.6,0.43251180009254975,8.200000000000001,0.8258075756674793,0.2112828800476322,19.872,15.675666666666666,0.6962002735327347,0.206148,0.17733333333333334,4.72,4.94,5.16,4.96,5.36,4.7,3.82,3.4,2.9,3.26
hinge,0.1,2,elo,0.11318687489256263,3279,0.5165763952424519,10.0,0.012991302433116811,0.5368228118328758,12.2,0.4337580308719232,0.3394253223677531,26.744,13.132,0.00041718815185648727,0.170456,0.343,5.38,5.52,6.0,5.28,5.9,7.2,7.0,7.84,8.34,7.12,0.4953138151875572,7.8,0.22486269817529164,0.09013480737774268,9.588,17.729,0.01749925216871074,0.23622800000000002,0.03833333333333333,7.22,6.02,7.3,7.4,9.1,6.68,6.7,5.34,4.54,5.28
hinge,0.1,2,one_sided_oracle,0.047023958060890436,5855,0.4666356959863365,3.5999999999999996,0.32952060057929894,0.5552932536293766,7.000000000000001,0.6401552020932314,0.8397912589693411,38.622,7.665,0.2838945121531364,0.131888,0.6486666666666666,9.48,10.48,10.06,10.12,10.74,12.92,11.4,14.5,14.5,12.9,0.3596396242527754,0.2,0.627999067888768,0.4177958056442565,29.046,11.587,0.3638340842007146,0.181128,0.4076666666666667,12.9,12.58,14.12,13.82,14.58,12.54,11.42,9.58,7.88,7.68
hinge,0.1,2,reciprocal_oracle,0.052876791916787624,7905,0.4375671094244149,2.8000000000000003,0.1651060764798324,0.4986709677419355,4.2,0.6338505783057206,0.6294063408752394,35.496,9.399333333333333,0.2031884964051266,0.138928,0.547,13.46,15.52,14.22,15.12,13.28,17.58,15.9,17.8,18.88,16.34,0.366238330170778,1.4000000000000001,0.42439914356547215,0.31635680379746833,25.592,13.482666666666667,0.13764931259860266,0.19534800000000002,0.30866666666666664,23.64,18.98,20.48,18.1,19.14,15.24,13.66,11.3,9.3,8.26
hinge,0.2,0,random,0.07816937495954335,3486,0.48289414802065406,7.3,0.03644864778704639,0.5456764199655766,10.8,0.5247049853372434,0.35529863127333056,27.412,12.858666666666666,0.007624633431085044,0.17316800000000002,0.344,3.18,5.68,4.5,7.12,5.98,7.66,9.76,7.42,9.16,9.26,0.41210441767068273,3.8,0.31064497300452354,0.0939825447864033,10.23,18.141666666666666,0.047205603385378665,0.263552,0.037,6.62,8.34,8.52,8.8,7.98,7.94,6.12,6.44,5.4,3.56
hinge,0.2,0,popularity,0.12651541596278548,2116,0.60232797731569,20.3,0.6408706166868199,0.7292325141776937,33.4,0.8506641509433962,0.5559607108833481,33.848,10.147,0.5373165618448638,0.138376,0.49833333333333335,1.26,4.64,2.08,3.64,3.3,3.6,6.82,4.8,5.88,6.3,0.42982041587901704,7.199999999999999,0.8298551169936186,0.1966077942419059,19.08,16.174333333333333,0.6992436776175845,0.21204000000000003,0.16533333333333333,3.0,4.62,4.4,4.6,4.9,4.78,4.16,4.64,4.02,3.2
hinge,0.2,0,elo,0.07602349994704127,3028,0.5106994715984148,10.8,0.014240506329113924,0.520442536327609,13.200000000000001,0.44376980703745744,0.3397147530927308,26.582,13.041333333333334,0.002497162315550511,0.16863199999999998,0.3436666666666667,2.6,5.18,4.46,6.02,4.68,6.78,8.3,6.7,7.88,7.96,0.5003513870541612,8.4,0.2111114287863968,0.08120115027282111,8.81,18.082666666666668,0.018132570912647656,0.24063600000000002,0.03933333333333333,4.76,6.14,6.86,7.54,6.62,7.28,5.38,5.46,5.74,4.78
hinge,0.2,0,one_sided_oracle,0.05261870799586177,5649,0.4641163037705789,5.6000000000000005,0.3348043893129771,0.5473701540095592,10.4,0.6419580379926283,0.8660841654778887,38.856,7.477333333333333,0.2575843493053587,0.12982,0.653,3.84,8.64,7.54,10.16,10.56,12.14,16.6,12.22,15.24,16.04,0.36512338466985306,0.8,0.6544745727815524,0.38238243664453175,28.216,12.298333333333334,0.3908791435042207,0.187164,0.39066666666666666,9.44,11.58,13.14,13.7,12.58,13.58,11.94,11.34,8.62,7.06
hinge,0.2,0,reciprocal_oracle,0.0884842500090599,7418,0.43666271232138043,2.6,0.17222003154574134,0.4944917767592343,4.6,0.6249753979739507,0.657747560039478,35.988,9.119,0.19159028782762502,0.13574400000000003,0.5606666666666666,6.36,11.96,10.12,14.34,14.34,16.38,20.3,16.66,18.94,18.96,0.3710881639255864,0.6,0.4484961653884628,0.2954534657228372,24.876,14.032666666666668,0.15883072135156162,0.20083199999999998,0.29333333333333333,16.66,17.84,18.36,18.02,15.8,15.08,14.88,12.96,10.94,7.82
hinge,0.2,1,random,0.05135904182679951,3750,0.47732,6.7,0.039219787690215974,0.5348565333333334,8.799999999999999,0.498470631695604,0.34197266014767513,27.418,13.362666666666666,0.012190616919098634,0.18019200000000002,0.344,5.46,5.68,5.34,6.68,6.14,8.36,8.36,8.6,10.4,9.98,0.41187413333333334,4.6,0.31473878473995187,0.09822918934610639,10.828,18.372,0.04989423006783865,0.266356,0.04033333333333333,8.38,8.94,7.98,9.98,8.32,8.68,6.62,6.4,5.1,4.6
hinge,0.2,1,popularity,0.08517516707070172,2545,0.611278978388998,17.5,0.6239249413604379,0.7310829076620825,28.000000000000004,0.8333104834656749,0.5276460309535697,33.82,10.682666666666666,0.5122122826414715,0.14638400000000001,0.49966666666666665,2.88,3.28,2.5,2.98,2.68,6.52,5.8,7.16,8.96,8.14,0.44608487229862476,7.000000000000001,0.8234826729745712,0.20193224948750735,19.898,16.423,0.6896510940272028,0.21559199999999998,0.175,4.5,5.96,5.38,6.22,6.28,5.78,4.78,4.72,3.88,3.4
hinge,0.2,1,elo,0.07631383300758898,3399,0.5279991173874669,11.600000000000001,0.014465650954292943,0.5494704324801413,14.399999999999999,0.4361038961038961,0.3274043331109958,26.506,13.493,0.002435064935064935,0.17546,0.3293333333333333,4.84,4.36,5.18,6.42,5.26,7.02,8.06,7.7,9.16,9.98,0.5049385113268609,8.799999999999999,0.22595170904700823,0.0896913220733838,9.856,18.314666666666668,0.018939108126461934,0.242936,0.046,6.08,6.2,6.72,8.78,7.06,7.26,6.94,6.18,6.38,6.38
hinge,0.2,1,one_sided_oracle,0.049035375006496906,6219,0.46242273677440104,3.3000000000000003,0.3315514304176702,0.5351101463257758,6.0,0.6114753895791858,0.8420074349442379,38.958,7.711333333333333,0.2369739822887348,0.134972,0.652,8.7,8.56,10.56,12.02,8.86,13.32,15.82,14.78,15.38,16.38,0.37775558771506673,0.6,0.6666189229426562,0.40069868515156515,29.134,12.118,0.4022793777914677,0.18514399999999998,0.4136666666666667,11.1,12.32,13.54,16.42,14.1,15.28,13.0,10.96,9.36,8.3
hinge,0.2,1,reciprocal_oracle,0.04659062507562339,7934,0.43702508192588857,2.0,0.1720346906535126,0.4968631207461558,3.0,0.6231109917925903,0.6367080987287085,35.96,9.413,0.20242387052235944,0.140172,0.564,12.16,11.46,14.2,16.68,11.74,15.68,19.46,18.02,19.12,20.16,0.3671993950088228,1.0,0.4525208008898776,0.3116662682285441,26.074,13.943333333333333,0.15,0.20116,0.308,18.7,18.48,17.8,21.12,16.32,17.18,15.84,12.9,10.7,9.64
hinge,0.2,2,random,0.06622520904056728,3460,0.4967387283236994,8.799999999999999,0.04654553027542042,0.5672843930635838,13.4,0.5338025335320418,0.3542829348215657,27.678,13.020666666666667,0.018442622950819672,0.17590400000000003,0.36233333333333334,4.8,5.32,5.7,5.62,6.28,7.42,6.26,9.84,9.0,8.96,0.41691445086705203,4.2,0.3164163595635523,0.10036458820229971,10.736,17.828333333333333,0.057446347279427705,0.259988,0.04033333333333333,8.08,7.28,8.08,7.5,9.94,6.96,6.84,5.46,4.64,4.42
hinge,0.2,2,popularity,0.09076183405704796,2121,0.6132942008486563,21.5,0.6557189723174462,0.7457529467232438,34.2,0.8549978384751424,0.5483453563225827,33.902,10.304333333333334,0.5749656121045392,0.14000800000000002,0.5023333333333333,2.28,3.62,1.88,2.74,4.68,3.6,2.72,6.78,6.76,7.36,0.42713154172560114,8.799999999999999,0.8268782962657071,0.21764139848177055,20.356,15.588333333333333,0.7042062415196744,0.20458,0.189,3.96,4.38,4.44,4.64,5.1,4.62,3.96,4.1,3.3,3.92
hinge,0.2,2,elo,0.0758898330386728,3038,0.5071020408163265,9.8,0.01279901632014308,0.5338538512179065,12.2,0.43056687486538875,0.33533282713237156,26.498,13.17,0.00021537798836958864,0.170764,0.3373333333333333,4.04,4.82,5.06,4.42,5.4,6.82,6.36,7.62,8.26,7.96,0.4785753785385122,7.3999999999999995,0.22634085591365385,0.08697199587899222,9.286,17.795,0.017208845950637784,0.236556,0.038,6.08,5.16,6.14,6.22,8.38,6.22,6.24,5.7,4.9,5.72
hinge,0.2,2,one_sided_oracle,0.058163541834801435,5381,0.4753447314625534,5.800000000000001,0.3545987443092213,0.5656751533172273,10.4,0.6505860316133973,0.832655533442935,38.492,7.704666666666666,0.28925562286748835,0.131696,0.6453333333333333,7.38,8.6,8.16,8.66,9.78,11.96,10.44,14.12,14.44,14.08,0.3671811930867868,1.2,0.6664659669541723,0.4092735615150047,28.722,11.696333333333333,0.4033565416190377,0.179168,0.39766666666666667,9.72,10.8,12.18,12.26,14.56,12.14,11.2,9.38,8.04,7.34
hinge,0.2,2,reciprocal_oracle,0.08490024995990098,7444,0.43624758194519075,2.8000000000000003,0.164144584682482,0.5033234819989253,5.0,0.6350275954771882,0.6137527432333577,35.238,9.569,0.20408001897683245,0.14091200000000004,0.5373333333333333,10.42,13.2,11.88,13.3,12.8,16.6,15.18,17.74,19.88,17.88,0.35778559914024716,0.6,0.41578193995118906,0.3103558282208589,25.294,13.583333333333334,0.1354787445371474,0.1965,0.301,19.74,16.38,18.5,16.76,18.48,15.28,13.52,11.84,9.6,8.78
hinge,0.3,0,random,0.06637641601264477,3196,0.4975572590738423,8.9,0.0389156562715095,0.569342928660826,14.000000000000002,0.5464909691202176,0.3561281625881377,27.476,12.858666666666666,0.010293260827345116,0.17315200000000003,0.3526666666666667,1.7,4.12,3.18,5.42,5.36,6.36,9.66,7.32,10.24,10.56,0.4147747183979975,3.8,0.3211567913815694,0.09477966351286676,10.298,18.108666666666668,0.049643325083709416,0.26311199999999996,0.035,5.42,6.9,7.22,7.76,6.4,7.6,6.62,6.52,5.4,4.08
hinge,0.3,0,popularity,0.1189449168741703,2020,0.6073247524752475,22.3,0.647993155525797,0.7328415841584158,35.4,0.8496440886699508,0.5696858899783945,34.278,10.028333333333334,0.5402298850574713,0.13718,0.5133333333333333,0.68,2.9,1.3,2.24,2.36,3.58,7.38,5.46,6.58,7.92,0.43761188118811883,9.2,0.8355608845323531,0.20231717951912295,19.488,16.054,0.7092595834062664,0.21012,0.17539179726575524,2.24,4.2,4.02,4.2,4.46,4.98,4.3,4.78,3.92,3.3
hinge,0.3,0,elo,0.0762720420025289,2830,0.502813074204947,10.9,0.015488756310234053,0.523947703180212,14.000000000000002,0.43685326468523283,0.33318141536903406,26.318,13.165,0.000936110461034402,0.16981600000000002,0.33766666666666667,1.62,3.96,3.2,5.36,4.36,5.82,7.74,6.86,8.06,9.62,0.4798035335689046,7.8,0.2195259518200471,0.07837922116037199,8.546,18.172333333333334,0.020214301998632115,0.241156,0.029666666666666668,3.7,4.72,5.6,5.94,6.02,6.94,6.1,6.12,6.26,5.2
hinge,0.3,0,one_sided_oracle,0.0495282500050962,5035,0.48256583912611717,6.5,0.36628917250883813,0.5734152929493546,12.4,0.6638049478049478,0.859079431178842,38.784,7.524333333333334,0.2678392678392678,0.129544,0.6486666666666666,1.92,6.22,5.36,7.98,8.46,10.56,15.94,12.12,15.32,16.82,0.37176762661370405,0.6,0.6987613448844885,0.37666639734992324,27.972,12.377,0.4372937293729373,0.184424,0.38166666666666665,6.32,9.1,11.54,11.86,10.86,12.64,11.72,11.32,8.5,6.84
hinge,0.3,0,reciprocal_oracle,0.06155720795504749,6831,0.4472422778509735,2.9000000000000004,0.17363835871516925,0.5127058995754648,5.4,0.6366758755179979,0.6385265049415992,35.534,9.275,0.1932233688144958,0.13764800000000002,0.5493333333333333,4.04,9.3,7.94,12.26,12.04,14.6,19.8,16.34,19.12,21.18,0.3718714683062509,0.4,0.44726976979794,0.2885580304806565,24.614,14.216666666666667,0.16007204367647887,0.202852,0.287,13.04,14.62,15.84,16.76,15.04,15.02,14.6,12.96,10.64,8.1
hinge,0.3,1,random,0.09766341699287295,3532,0.4905637032842582,7.5,0.044697679259028,0.5638074745186863,12.2,0.5259414134016843,0.3442270156648816,27.512,13.320666666666666,0.011351153423654338,0.17993199999999998,0.344,3.62,3.34,4.3,6.62,5.36,7.34,8.66,9.2,10.82,11.38,0.4055889014722537,2.8000000000000003,0.3358522826403024,0.09911986208148081,10.924,18.368333333333332,0.05793835417272463,0.26615999999999995,0.042333333333333334,6.34,7.42,7.5,9.42,7.7,8.16,6.84,6.62,5.34,5.3
hinge,0.3,1,popularity,0.10860370798036456,2325,0.6188744086021505,20.0,0.6452024343136183,0.7512713978494624,32.4,0.8443111458130002,0.551793851485784,34.39,10.387333333333334,0.5433339839937537,0.14233600000000002,0.513,1.12,1.8,1.58,2.4,2.12,6.2,5.38,6.72,9.2,9.98,0.4299552688172043,7.6,0.8320696714161093,0.21238754612163674,20.492,16.080666666666666,0.7059028787438208,0.210616,0.191,3.24,4.54,4.6,5.46,4.86,5.7,5.1,4.44,4.44,4.12
hinge,0.3,1,elo,0.08556816587224603,3068,0.5297724902216427,10.8,0.014917811303760414,0.5514185136897002,12.6,0.42894247976139754,0.31939590919088,26.14,13.640333333333333,0.0021303792074989347,0.1764,0.32166666666666666,3.26,3.64,4.1,5.72,4.42,6.14,7.06,7.46,9.06,10.5,0.5057079530638853,9.0,0.23188400918133129,0.08516428688063574,9.388,18.372333333333334,0.019510328997704666,0.24344,0.037,4.26,4.48,5.34,7.32,6.32,7.5,6.12,6.58,6.02,7.42
hinge,0.3,1,one_sided_oracle,0.052149999886751175,5447,0.4783299063704792,5.0,0.3797606414337932,0.5670111988250414,9.6,0.6443346443110467,0.8330546623794213,38.862,7.775,0.27482232802042367,0.133584,0.6513333333333333,5.64,5.84,7.06,10.08,7.5,11.9,14.74,14.54,15.5,16.14,0.37214209656691755,0.4,0.7112336987288354,0.3948938721015776,28.986,12.233666666666666,0.45803098142143994,0.182548,0.4076666666666667,7.48,9.96,11.12,14.44,11.72,13.64,12.32,10.86,9.36,8.04
hinge,0.3,1,reciprocal_oracle,0.05829195911064744,7218,0.44391715156553063,2.3,0.18396149718708335,0.5125741202549182,4.0,0.6398549464202516,0.6197940146339772,35.746,9.612333333333334,0.21858984314334523,0.142216,0.555,8.84,8.76,10.74,14.22,10.5,14.12,18.74,17.98,19.94,20.52,0.3633671377112774,0.6,0.45688703631175515,0.30466772339066456,25.756,14.089666666666666,0.159010798411011,0.20282,0.303,14.34,15.34,15.72,19.34,14.86,15.94,15.14,12.78,10.68,10.22
hinge,0.3,2,random,0.05172712495550513,3197,0.49582765092274006,9.8,0.049758555532227584,0.5703653425086018,14.2,0.5349856477166822,0.3508587541655986,27.374,13.003333333333334,0.0195712954333644,0.175512,0.36033333333333334,3.28,3.74,4.08,4.28,5.8,7.04,6.16,9.5,9.8,10.26,0.4086637472630591,5.4,0.32373098560678015,0.10012503965810052,10.73,17.861,0.06159129100606415,0.259404,0.038,6.2,6.36,7.26,7.44,8.64,7.28,6.96,5.32,4.32,4.16
hinge,0.3,2,popularity,0.08968770899809897,1848,0.6192229437229437,23.599999999999998,0.668706934467087,0.7547705627705628,37.6,0.8604958467702531,0.5581890201983828,34.102,10.182333333333334,0.5923971464868563,0.13801600000000003,0.5136666666666667,1.16,2.02,1.42,1.44,3.5,2.42,3.34,6.24,7.32,8.1,0.4295,9.6,0.8343687760248666,0.221067640260105,20.466,15.429666666666666,0.7145035481789924,0.20205599999999999,0.192,2.68,3.48,3.84,4.1,4.38,4.22,3.74,3.58,3.28,3.66
hinge,0.3,2,elo,0.08414725004695356,2871,0.5176436781609195,12.7,0.014207588656480802,0.544269592476489,16.2,0.43367900133749443,0.3349680224474835,26.502,13.186333333333334,0.0006687472135532769,0.17038,0.33566666666666667,3.14,3.94,4.14,4.18,4.7,6.0,6.38,7.86,8.64,8.44,0.48932009752699407,9.2,0.2418632556033507,0.08391948518407662,8.972,17.818666666666665,0.018791034638895178,0.23704000000000003,0.035333333333333335,4.26,4.46,5.18,5.98,7.44,5.98,6.12,5.96,5.44,6.6
hinge,0.3,2,one_sided_oracle,0.06209362484514713,4829,0.4916187616483744,7.9,0.3950771798080934,0.588927314143715,14.2,0.6749015464278217,0.827335967021642,38.534,7.762666666666667,0.31012525365614724,0.13118000000000002,0.6436666666666667,4.7,5.72,5.96,6.5,8.66,10.7,9.92,13.78,14.82,15.82,0.3729869538206668,1.6,0.7162980225255619,0.4012860472299441,28.582,11.871,0.458088960398609,0.17717999999999998,0.3953333333333333,6.76,8.48,10.52,11.06,12.58,11.58,10.88,9.68,8.06,6.98
hinge,0.3,2,reciprocal_oracle,0.051071290858089924,6824,0.4441016998827667,4.1000000000000005,0.1689647113811638,0.5212766705744432,7.3999999999999995,0.650427975617581,0.5954570222040594,34.97,9.788,0.21454924606993905,0.14336399999999996,0.528,7.16,9.9,9.58,11.16,11.2,15.3,14.72,17.76,20.3,19.4,0.35175087924970694,0.8,0.41272736631398343,0.3008687258687259,24.936,13.813333333333333,0.13645982270517587,0.199356,0.292,15.62,14.12,16.46,15.48,16.38,14.68,13.26,12.18,9.46,8.84
hinge,0.4,0,random,0.07240795879624784,2902,0.5086085458304618,10.7,0.04785680140224146,0.5772543073742247,17.2,0.5684387351778656,0.3569817191754181,27.534,12.855,0.011067193675889328,0.172648,0.35333333333333333,1.1,2.54,2.36,4.2,4.24,5.48,8.18,7.54,10.14,12.26,0.43050034458993797,4.2,0.35305367908767343,0.09297539643165573,10.12,18.141,0.061378659112370164,0.263,0.035666666666666666,3.8,4.88,5.9,7.22,6.64,7.2,6.12,6.34,5.68,4.26
hinge,0.4,0,popularity,0.11308724991977215,1842,0.6258979370249729,26.6,0.6631709270992644,0.7527926167209554,41.4,0.8570961633297169,0.5916325136612022,34.646,9.76,0.5651444915672157,0.13362400000000002,0.5213333333333333,0.32,1.86,1.0,1.6,1.8,2.9,6.0,4.78,7.34,9.24,0.4470640608034745,11.799999999999999,0.8417483114933902,0.21278515813553275,20.278,15.883,0.720544940252843,0.20733600000000002,0.18412274849899934,1.6,3.06,3.14,3.42,4.18,4.62,3.9,4.86,4.38,3.68
hinge,0.4,0,elo,0.1034669578075409,2587,0.5303482798608427,14.799999999999999,0.01471101290847773,0.5548844221105528,19.6,0.46419537149817297,0.32984833979946593,26.186,13.231333333333334,0.00048721071863581,0.17006400000000002,0.335,0.72,2.58,2.44,3.82,3.74,4.94,6.96,6.94,8.74,10.86,0.5030034789331271,10.0,0.2346595890934087,0.07517488920631432,8.21,18.202,0.01917054914839991,0.241548,0.024,2.46,3.4,4.52,4.92,5.28,6.92,5.24,6.46,6.48,6.06
hinge,0.4,0,one_sided_oracle,0.09555287496186793,4359,0.5063909153475568,10.0,0.41770971236009147,0.610267951364992,18.8,0.6999671327663255,0.8589681025686526,38.724,7.5136666666666665,0.30236413435202536,0.12740400000000002,0.6493333333333333,0.7,3.62,3.38,5.74,6.24,8.72,14.18,11.42,15.36,17.82,0.37554989676531314,1.2,0.7485896085115175,0.36831346730733494,27.748,12.556333333333333,0.5003615328994938,0.18181999999999998,0.372,4.18,7.12,8.96,9.44,9.6,10.92,11.1,10.58,8.68,6.6
hinge,0.4,0,reciprocal_oracle,0.04730704193934798,6136,0.466382333767927,5.4,0.18676688688148846,0.5466023468057366,10.0,0.6588963751961027,0.6229420948055634,35.114,9.394666666666666,0.206423912145983,0.13921599999999998,0.537,2.08,6.44,5.84,9.28,10.14,12.74,18.3,15.88,19.66,22.36,0.37145501955671445,0.8,0.4590942643959674,0.2794093897796747,24.222,14.448333333333334,0.17320726775645043,0.205468,0.27166666666666667,9.64,12.18,14.02,14.56,13.74,13.72,14.42,12.14,10.38,7.92
hinge,0.4,1,random,0.06648900010623038,3080,0.5095084415584415,9.0,0.04854318418314256,0.5776285714285714,14.2,0.5533998892784646,0.34588972431077697,27.602,13.3,0.016423694408562464,0.17923999999999998,0.3416666666666667,2.46,2.4,3.36,4.74,4.18,5.96,7.16,8.42,10.22,12.7,0.4314077922077922,3.8,0.3581585392362872,0.09809565185909272,10.838,18.414,0.06115498876892979,0.26627600000000007,0.04033333333333333,4.12,5.6,6.36,8.38,6.88,7.38,6.58,6.0,5.28,5.02
hinge,0.4,1,popularity,0.08885987498797476,1989,0.6368813474107592,24.3,0.6712323906177922,0.7729824032176973,38.6,0.8572488033786955,0.5841221170510599,35.052,10.001333333333333,0.585452839042703,0.13678800000000002,0.5336666666666666,0.46,0.68,1.04,1.56,1.42,4.1,4.36,6.62,8.62,10.92,0.438201106083459,10.0,0.8404443683669977,0.22595695048245149,21.31,15.718333333333334,0.7233824032865457,0.20566000000000004,0.20966666666666667,1.98,3.08,3.86,4.54,4.48,5.18,4.62,4.28,3.74,4.02
hinge,0.4,1,elo,0.07630758290179074,2773,0.5436703930760909,11.799999999999999,0.012983282587464813,0.5712145690587811,14.6,0.44057264003570634,0.3162014726387632,25.852,13.626333333333333,0.0,0.17571199999999998,0.32266666666666666,1.72,2.42,2.9,4.36,3.84,5.54,6.82,7.14,9.42,11.3,0.5126181031373963,9.0,0.23832461705090516,0.0812010727747173,8.962,18.394666666666666,0.017484140492031564,0.243744,0.034666666666666665,2.58,3.88,4.64,5.72,5.0,6.26,5.9,6.86,6.36,8.26
hinge,0.4,1,one_sided_oracle,0.051218041917309165,4574,0.5070233930913861,7.6,0.44459563391114004,0.6050572802798426,13.600000000000001,0.6898781979977753,0.8301419045990768,38.844,7.798666666666667,0.3296718576195773,0.130696,0.6536666666666666,2.64,3.38,4.16,7.0,6.04,9.48,13.16,14.28,15.2,16.14,0.38582947092260605,1.6,0.7621585830501493,0.3871558151427879,28.768,12.384333333333334,0.529708577901349,0.178968,0.401,4.98,7.18,9.0,11.68,10.22,11.68,10.9,10.24,8.54,7.06
hinge,0.4,1,reciprocal_oracle,0.06490087509155273,6227,0.4593626144210695,2.9000000000000004,0.20676258519079446,0.5360446442909909,5.0,0.6703295571575695,0.6031055689579016,35.5,9.810333333333332,0.24724708864770656,0.1438,0.551,5.44,5.72,7.42,11.08,8.62,12.2,16.86,17.1,19.76,20.34,0.3678345912959692,0.8,0.47217554929577465,0.2956483042908001,25.246,14.232,0.17797183098591549,0.204524,0.29433333333333334,9.76,12.46,12.72,16.46,13.26,14.4,13.6,11.76,10.12,10.0
hinge,0.4,2,random,0.05116525012999773,2938,0.5173379850238258,12.1,0.049697607152248226,0.6076664397549353,19.400000000000002,0.5516676035225783,0.34977624344712954,27.356,13.035,0.021922428330522766,0.17591199999999999,0.35733333333333334,2.06,2.56,2.8,3.82,4.66,6.12,5.94,9.62,9.66,11.52,0.4086984343090538,4.8,0.3474467027343179,0.09991014264854543,10.674,17.806,0.06053516595993566,0.25899200000000006,0.03966666666666667,4.36,5.5,6.28,6.06,8.08,6.64,6.74,5.56,4.68,4.86
hinge,0.4,2,popularity,0.10906891711056232,1719,0.6477591623036649,27.900000000000002,0.6832850863085665,0.7865445026178011,44.2,0.8669350844277673,0.5815148056133754,34.642,9.928666666666667,0.6137898686679174,0.13478000000000004,0.5286666666666666,0.52,0.76,0.94,1.08,2.56,2.36,2.14,6.28,7.5,10.24,0.447847585805701,11.600000000000001,0.8431047860978004,0.23554367280199748,21.32,15.085666666666667,0.7260550776514058,0.19754000000000002,0.21273757919306435,1.82,2.86,2.98,3.68,3.84,3.82,3.9,4.0,3.74,3.74
hinge,0.4,2,elo,0.10915354103781283,2594,0.5286422513492676,14.6,0.01595283509623721,0.5650717039321511,19.2,0.45117805047464693,0.3277455188083817,25.964,13.203333333333333,0.0011576753878212549,0.170316,0.32866666666666666,1.84,2.48,2.68,3.24,3.98,5.5,5.08,7.58,9.3,10.2,0.48844410177332304,10.0,0.2512158373132029,0.0806009144350098,8.638,17.861666666666668,0.020875057772300108,0.236936,0.028333333333333332,2.88,3.22,4.06,4.76,6.66,5.0,5.8,5.86,6.14,7.5
hinge,0.4,2,one_sided_oracle,0.08854920812882483,4141,0.5198430330837962,11.0,0.44764014006524405,0.6288254044916687,19.400000000000002,0.7122278302551812,0.8264700825309491,38.454,7.754666666666667,0.3478781897645566,0.1288,0.642,2.4,3.22,3.64,4.12,6.88,8.8,8.86,13.6,15.22,16.08,0.38200676165177494,2.6,0.7673295885993655,0.39491119648126494,28.372,11.974,0.5212461642481927,0.17376800000000003,0.3893333333333333,3.94,6.4,8.34,9.28,10.96,9.9,10.28,9.14,7.76,6.82
hinge,0.4,2,reciprocal_oracle,0.09010737505741417,5997,0.4632607970651993,5.6000000000000005,0.18285637057809914,0.5509091212272803,10.0,0.6753316041176948,0.5803826624970577,34.52,9.913,0.237253789413958,0.144392,0.522,4.28,6.32,6.62,8.64,9.06,13.66,13.22,17.72,20.92,19.5,0.3551805902951476,1.2,0.4240438006952491,0.29516472474101013,24.674,13.932333333333334,0.14397450753186558,0.201236,0.283,10.64,11.68,14.1,13.36,15.0,13.14,12.28,11.5,9.46,8.78
hinge,0.5,0,random,0.05159399984404445,2725,0.5331398165137615,13.600000000000001,0.05927713371452552,0.6130781651376147,23.200000000000003,0.5906097513971864,0.36114220267069264,27.748,12.805666666666667,0.024860281364424745,0.172352,0.35233333333333333,0.46,1.88,1.76,3.34,3.4,4.76,7.82,7.16,10.52,13.4,0.43967633027522934,4.0,0.3791419922156552,0.09555289568179726,10.378,18.101666666666667,0.07214934409687185,0.262188,0.034666666666666665,2.9,4.22,5.5,6.3,6.18,6.86,6.68,6.34,5.58,3.94
hinge,0.5,0,popularity,0.09013358294032514,1680,0.6423380952380953,29.5,0.680614556782781,0.765347619047619,44.800000000000004,0.8624813807335147,0.6168280022446689,35.174,9.504,0.590751336647594,0.13047999999999998,0.539,0.2,0.64,0.34,0.62,0.96,2.08,4.78,5.2,7.44,11.34,0.47244761904761906,14.2,0.8506516176721441,0.22787218125467565,21.322,15.595,0.7350884175811679,0.20328800000000002,0.2049399198931909,1.22,2.18,2.56,3.26,3.56,3.72,4.02,5.04,4.44,3.6
hinge,0.5,0,elo,0.07519870810210705,2323,0.5591390443392166,18.4,0.015534210838373058,0.5897554885923375,24.8,0.4813809280979092,0.32625078764965343,25.888,13.225,0.0,0.169672,0.326,0.46,1.66,1.68,3.08,2.72,4.36,6.3,6.26,8.48,11.46,0.5242780886784331,12.0,0.2563053152039555,0.07175659110452458,7.844,18.219,0.020241038318912236,0.241284,0.024333333333333332,1.48,2.08,3.62,3.96,4.32,5.28,5.16,6.44,7.54,6.58
hinge,0.5,0,one_sided_oracle,0.04972220794297755,3649,0.5387799397095094,13.700000000000001,0.4815641110675631,0.6459714990408331,24.8,0.7430905930914621,0.8548971120727722,38.72,7.548666666666667,0.3584618726917228,0.124836,0.6486666666666666,0.24,1.42,2.08,3.42,4.06,6.98,12.24,10.42,14.82,17.3,0.39971334612222525,2.6,0.7968533057851239,0.3656076250992851,27.618,12.59,0.5693698347107438,0.17763600000000002,0.3694564854951651,2.54,5.2,6.66,7.32,7.88,9.46,9.68,9.92,8.32,6.0
hinge,0.5,0,reciprocal_oracle,0.08921104110777378,5347,0.49557060033663736,8.200000000000001,0.2087045222713363,0.5866171685057041,15.6,0.6909609237720693,0.6058997050147492,34.918,9.605,0.23562881767216132,0.141492,0.524,1.0,3.4,3.8,6.8,7.68,10.4,16.4,15.14,19.1,23.22,0.38412904432392,0.8,0.4851083108998224,0.2719102657444485,23.902,14.650666666666666,0.190274357065124,0.208644,0.26466666666666666,6.78,8.98,11.36,12.62,11.66,11.76,13.96,11.7,10.14,7.98
hinge,0.5,1,random,0.0767924168612808,2857,0.5314637731886594,12.8,0.05919486701852427,0.6091473573678684,18.8,0.582506301369863,0.3472211777092577,27.702,13.297,0.025753424657534246,0.179204,0.348,1.26,1.46,2.28,3.82,3.62,5.3,6.58,8.4,10.64,13.78,0.4404207210360518,6.800000000000001,0.37355035737491876,0.09934495835677087,10.95,18.370333333333335,0.07241354414843694,0.26561199999999996,0.043666666666666666,2.56,4.5,5.62,6.78,6.58,7.72,6.56,6.16,5.26,5.4
hinge,0.5,1,popularity,0.12333024991676211,1731,0.6552900057770075,27.400000000000002,0.6940031634688123,0.7883547082611208,43.0,0.8674771960958296,0.6154803040774015,35.624,9.646666666666667,0.620851818988465,0.132048,0.5553333333333333,0.2,0.38,0.54,1.12,1.2,2.3,3.38,6.26,8.04,11.2,0.46441941074523396,11.799999999999999,0.8480781495620929,0.24522923602497987,22.54,15.319,0.7402874466651695,0.200152,0.2351567711807872,1.2,2.16,2.64,4.2,4.06,4.52,4.14,4.0,3.74,3.96
hinge,0.5,1,elo,0.10125075001269579,2482,0.5794085414987913,17.8,0.01340371270980369,0.6115068493150685,22.6,0.4791317680881648,0.3107121865203762,25.374,13.610666666666667,0.00023957834211787255,0.174816,0.31933333333333336,0.94,1.1,1.88,3.26,3.16,4.36,5.88,7.36,9.56,12.14,0.5427091055600323,13.0,0.2589297706313549,0.07538650484034098,8.348,18.456,0.017734689051785293,0.243724,0.029,1.56,2.72,3.42,4.94,3.94,5.68,4.8,6.52,7.12,8.94
hinge,0.5,1,one_sided_oracle,0.08363945805467665,3764,0.5437441551540914,11.899999999999999,0.5172362687850135,0.6491105207226355,21.0,0.7409120022277917,0.827623034859877,38.746,7.802666666666667,0.3967557783347257,0.12707200000000002,0.651,0.84,1.58,2.2,4.48,4.6,7.12,10.92,12.88,15.04,15.62,0.40961105207226356,2.8000000000000003,0.811806225158726,0.38569357177380376,28.728,12.414,0.606565839054354,0.174012,0.39613204401467156,2.88,4.64,6.76,9.4,8.38,9.78,9.16,9.12,8.74,6.42
hinge,0.5,1,reciprocal_oracle,0.057009957963600755,5218,0.49469701034879265,5.7,0.23799388053744844,0.5793430433116137,10.0,0.7064207825529185,0.5855184347131639,35.192,10.017333333333333,0.2895285439384221,0.14565199999999998,0.5413333333333333,2.28,3.36,4.44,8.44,7.22,10.02,14.78,15.66,18.38,19.78,0.39085856650057493,1.4000000000000001,0.4948263241645829,0.28814342482210514,24.944,14.428,0.20146624232780178,0.207232,0.288,5.78,8.58,10.12,14.24,11.44,12.44,12.32,11.08,9.4,8.96
hinge,0.5,2,random,0.05475770798511803,2682,0.539744966442953,13.4,0.057408277229789674,0.6330976882923192,21.0,0.5942053004852557,0.35590335971946474,27.606,12.927666666666667,0.02370287420679358,0.17457999999999999,0.36033333333333334,0.76,1.92,2.3,2.58,3.84,4.46,5.38,9.1,9.14,14.16,0.4277747949291573,5.800000000000001,0.37291154096935447,0.1001626381021816,10.716,17.831,0.07049192204593205,0.259088,0.04033333333333333,2.78,4.08,4.68,6.2,7.42,6.38,6.24,5.68,5.14,5.04
hinge,0.5,2,popularity,0.11579033406451344,1638,0.6633742368742369,30.5,0.695665763700771,0.8084884004884005,49.6,0.8733266797362323,0.6039318119329118,35.144,9.698666666666666,0.6340224558902157,0.13198800000000002,0.538,0.18,0.46,0.66,0.56,1.4,1.24,2.12,6.06,8.16,11.92,0.44596092796092796,11.4,0.8491361256544503,0.25464612312509927,22.444,14.689666666666668,0.7350330070566811,0.19236799999999998,0.23071786310517528,1.2,2.32,2.52,3.16,3.3,4.12,3.96,3.86,3.74,4.58
hinge,0.5,2,elo,0.0822795839048922,2310,0.5501199134199134,17.4,0.015664715966187858,0.5964571428571429,23.400000000000002,0.47531555555555555,0.3243590713151327,25.734,13.223,0.0002469135802469136,0.16997199999999998,0.3293333333333333,0.64,1.48,1.92,2.26,3.24,4.44,4.96,7.08,9.06,11.12,0.4983151515151515,11.4,0.2671834926556307,0.0753292165761476,8.1,17.921333333333333,0.02051760317090231,0.23773199999999997,0.025666666666666667,1.74,2.24,3.16,3.9,5.44,4.4,5.52,5.7,5.76,8.34
hinge,0.5,2,one_sided_oracle,0.05326733412221074,3345,0.5473910313901346,14.899999999999999,0.5115376578405325,0.6680819133034379,26.200000000000003,0.7556374728279924,0.831158731530286,38.476,7.715333333333334,0.40670359722319616,0.12524000000000002,0.6436666666666667,0.76,1.52,2.1,2.18,4.74,6.2,6.82,12.48,14.94,15.16,0.39033602391629296,3.5999999999999996,0.8133236303150015,0.3960398789191591,28.522,12.003,0.5892504418338704,0.16948399999999997,0.39413137712570856,2.52,4.48,5.96,6.92,8.48,8.14,8.34,8.0,7.08,6.98
hinge,0.5,2,reciprocal_oracle,0.047545833978801966,5146,0.4860058297706957,7.199999999999999,0.21400421281511178,0.577306645938593,12.6,0.7129616576929352,0.5700252223549714,34.352,10.044,0.2847936041768641,0.14501999999999998,0.518,2.08,3.82,4.3,5.66,7.76,11.46,12.02,16.54,20.3,18.98,0.37231247570928877,1.7999999999999998,0.4510258500232883,0.29184324555973523,24.516,14.000666666666667,0.16348393106660455,0.20300400000000002,0.276,6.54,8.74,11.02,11.64,13.0,12.18,11.46,10.24,9.28,8.82
hinge,0.6,0,random,0.06188887497410178,2455,0.5600989816700611,16.900000000000002,0.06484659660981149,0.658881466395112,27.6,0.6278173356602677,0.35665294924554186,27.56,12.879,0.03567965871630793,0.17268399999999998,0.349,0.3,0.86,0.9,2.1,2.48,3.72,6.86,6.42,10.6,14.86,0.43796741344195517,6.2,0.3973590711175617,0.0949164396672311,10.314,18.110666666666667,0.07576197387518142,0.261776,0.035333333333333335,1.92,3.36,3.82,5.5,5.34,6.18,6.36,5.9,6.36,4.36
hinge,0.6,0,popularity,0.11211870796978474,1509,0.6662398939695162,32.300000000000004,0.70012767866386,0.7929476474486414,49.2,0.8744672211787854,0.6373728692164446,35.596,9.308,0.6278508183525624,0.12736,0.549,0.06,0.22,0.12,0.48,0.4,1.62,3.78,3.78,7.62,12.1,0.48511994698475813,15.4,0.8558303180132599,0.246006600660066,22.362,15.15,0.7455332059781998,0.197476,0.23046092184368738,0.76,1.32,2.1,2.76,2.9,3.36,3.98,4.64,4.44,3.92
hinge,0.6,0,elo,0.07492379215545952,2145,0.5978526806526806,23.799999999999997,0.01784305395399648,0.6354358974358975,31.8,0.5147680771290841,0.31904559224856666,25.486,13.313666666666666,0.0002678093197643278,0.170324,0.326,0.24,0.8,0.88,1.8,2.4,3.4,5.74,5.62,8.82,13.2,0.5538993006993007,15.8,0.28717837243977085,0.06826575011883433,7.468,18.232666666666667,0.02299301577336577,0.24078,0.019666666666666666,1.06,1.62,2.38,2.72,3.22,4.66,5.04,6.24,7.78,8.18
hinge,0.6,0,one_sided_oracle,0.04996308288536966,3005,0.5775361064891847,20.4,0.5469774436090226,0.6962455906821964,35.199999999999996,0.7843086010661288,0.8585106382978723,38.736,7.52,0.4245065552514047,0.121172,0.6496666666666666,0.02,0.52,0.8,1.66,2.2,4.52,9.6,9.2,14.44,17.14,0.41788419301164725,5.6000000000000005,0.8370386204047914,0.36583566120276184,27.764,12.648666666666667,0.6347583643122676,0.17381200000000002,0.3694564854951651,1.38,3.26,5.0,5.74,6.26,7.32,8.38,8.94,7.9,5.92
hinge,0.6,0,reciprocal_oracle,0.051714459201321006,4528,0.529172703180212,12.3,0.23966123689512686,0.6307093639575971,22.8,0.7261272666218939,0.5912123068545367,34.742,9.794,0.2761920752182673,0.143068,0.523,0.42,1.54,2.14,4.22,5.16,7.78,14.52,13.7,19.08,22.0,0.4006934628975265,1.7999999999999998,0.5169771458177422,0.26797444434446144,23.824,14.817333333333334,0.21461055782626215,0.211256,0.255,4.2,6.22,8.8,10.36,10.14,10.12,12.38,10.9,9.1,8.34
hinge,0.6,1,random,0.07438741717487574,2630,0.574109885931559,17.8,0.06855987977405814,0.6681384030418251,27.200000000000003,0.6196738858063361,0.34161413300774923,27.42,13.377666666666666,0.04259889028100949,0.18009999999999998,0.3436666666666667,0.42,0.78,1.38,2.84,2.74,3.6,6.06,8.42,10.62,15.74,0.45813840304182507,8.4,0.3999833698030635,0.1011899371524822,11.174,18.404333333333334,0.07913931436907366,0.265288,0.04033333333333333,1.46,3.62,4.32,6.7,5.7,7.0,6.02,6.02,5.92,5.84
hinge,0.6,1,popularity,0.10998325003311038,1546,0.6682833117723157,31.8,0.7114447915616917,0.8043570504527814,48.8,0.8771348122866894,0.6385861873761676,36.098,9.421333333333333,0.6550341296928328,0.128356,0.567,0.08,0.22,0.32,0.56,0.92,1.56,2.16,5.28,7.64,12.18,0.47085122897800774,14.799999999999999,0.8525796443016234,0.2629748468597842,23.44,14.855666666666666,0.7480746855781484,0.194144,0.2606809078771696,0.64,1.72,2.08,3.5,3.36,3.94,3.72,3.76,4.36,3.84
hinge,0.6,1,elo,0.08495700010098517,2233,0.6097004030452307,21.9,0.016764866670716153,0.6430371697268249,26.200000000000003,0.5112064918851436,0.304090997851982,24.916,13.656,0.000749063670411985,0.17511999999999997,0.30933333333333335,0.52,0.7,0.96,2.28,2.54,3.56,4.76,7.3,9.7,12.34,0.5720653828929692,17.599999999999998,0.2792640873334404,0.07209850762389962,8.01,18.516333333333332,0.021913629796114945,0.243908,0.028666666666666667,0.88,2.0,2.4,3.56,3.62,5.18,4.8,5.54,7.0,9.68
hinge,0.6,1,one_sided_oracle,0.057922333013266325,2910,0.5903109965635739,19.400000000000002,0.590290515354121,0.7095079037800688,32.6,0.7911365406006674,0.8340707014303509,38.836,7.7603333333333335,0.47406840934371525,0.12242000000000001,0.65,0.26,0.46,0.86,1.92,2.34,4.48,7.98,11.32,14.44,14.14,0.43106941580756014,6.2,0.849860129776496,0.3911778303554431,28.768,12.257,0.676382737666083,0.16731200000000002,0.3975983989326217,1.68,3.0,4.42,6.58,6.52,7.74,7.32,7.94,7.64,5.36
hinge,0.6,1,reciprocal_oracle,0.05023750010877848,4369,0.5306106660563058,7.8,0.27988767050013375,0.6283172350652323,13.0,0.7468799355358582,0.5788272646095843,35.004,10.079,0.3394842868654311,0.145352,0.5296666666666666,0.98,1.8,2.6,4.9,5.32,7.68,12.66,14.26,18.38,18.8,0.4049617761501488,2.6,0.5357262027196892,0.28467220259668763,24.82,14.531333333333333,0.2376299851445549,0.20856799999999998,0.28633333333333333,3.36,6.22,8.0,11.86,9.16,10.72,11.06,9.92,8.96,8.12
hinge,0.6,2,random,0.05080145807005465,2372,0.5681568296795952,16.900000000000002,0.06181073416657914,0.6707824620573356,25.6,0.6363336482146231,0.3539087235192669,27.498,12.949666666666667,0.03381825051955413,0.17431200000000002,0.35433333333333333,0.46,0.92,1.52,1.7,2.9,3.84,4.56,7.7,9.36,14.48,0.44079595278246203,8.200000000000001,0.39905258564259216,0.09873526339352336,10.586,17.869333333333334,0.07258709724343589,0.259176,0.03933333333333333,1.28,2.82,3.96,5.1,6.12,6.12,6.36,5.54,4.82,5.32
hinge,0.6,2,popularity,0.09911520895548165,1456,0.6938585164835165,36.199999999999996,0.7098132427843803,0.8286703296703297,54.400000000000006,0.8808700739975908,0.6315267445979454,35.656,9.41,0.6540182412665634,0.128152,0.554,0.12,0.18,0.22,0.4,0.58,1.04,1.22,5.32,7.48,12.56,0.4889478021978022,18.0,0.8577621718644828,0.27143424340799216,23.244,14.272333333333334,0.7461857751851021,0.186804,0.2534223706176962,0.52,1.84,1.92,2.6,2.92,3.56,3.44,3.92,3.62,4.78
hinge,0.6,2,elo,0.08296366687864065,2115,0.6006666666666667,22.7,0.01670601053205012,0.6502401891252955,31.0,0.5244770982261053,0.3181386988866144,25.488,13.352666666666666,0.0018533227429176596,0.17107600000000003,0.3293333333333333,0.36,0.54,0.96,1.48,2.54,3.76,4.24,6.96,9.22,12.24,0.5428510638297872,14.399999999999999,0.28812868801004393,0.07000148268959894,7.554,17.985333333333333,0.02110797237915882,0.238248,0.021333333333333333,0.94,1.58,2.22,3.02,4.24,3.32,5.04,5.66,6.46,9.82
hinge,0.6,2,one_sided_oracle,0.04987041698768735,2699,0.5928725453871805,21.2,0.579471284236879,0.7234020007410152,36.0,0.7991046870614651,0.8377170138888889,38.602,7.68,0.47340724108897,0.12131200000000002,0.6473333333333333,0.18,0.5,0.72,1.0,2.78,4.0,4.88,11.16,14.48,14.28,0.4149677658391997,6.4,0.8494939122325268,0.3981450441390099,28.504,11.932,0.6577897518263303,0.163924,0.39779559118236474,1.34,2.92,3.72,5.28,7.0,6.52,7.26,7.22,6.38,6.34
hinge,0.6,2,reciprocal_oracle,0.047670166939496994,4334,0.5226568989386249,10.8,0.2486157632100622,0.6246266728195662,18.6,0.7536351673657373,0.5599620120513492,34.198,10.178666666666667,0.33349782054445265,0.145808,0.513,0.78,1.94,2.48,3.74,6.0,8.74,9.48,15.66,19.36,18.5,0.39118597138901706,3.0,0.48902239897070005,0.2879982946066937,24.318,14.073,0.18825662319433886,0.204704,0.2793333333333333,3.74,6.0,8.56,9.44,11.5,10.72,10.24,9.74,8.06,8.68
hinge,0.7,0,random,0.051789999939501286,2179,0.5997696190913263,22.7,0.08003378735086052,0.688259752179899,34.599999999999994,0.6684870067372474,0.3565370749798999,27.494,12.852333333333334,0.05235803657362849,0.17220800000000003,0.347,0.1,0.44,0.56,1.28,1.98,3.04,4.84,5.92,9.66,15.76,0.49114731528223954,10.8,0.42385145850003636,0.0955771424366192,10.39,18.118,0.09049247108460028,0.26094000000000006,0.034,1.04,2.5,2.88,4.6,4.78,5.18,5.56,6.38,6.06,4.6
hinge,0.7,0,popularity,0.09280500002205372,1408,0.6849580965909091,35.8,0.7156090469589912,0.811375,53.800000000000004,0.8869724456614753,0.6492615842374542,35.786,9.186333333333334,0.665753893547835,0.124988,0.5573333333333333,0.02,0.16,0.12,0.18,0.36,1.06,2.8,3.32,7.14,13.0,0.5006477272727273,17.8,0.8608044486670765,0.2665967057535247,23.372,14.611333333333333,0.7481696752920136,0.190904,0.2586898395721925,0.5,1.14,1.58,2.16,2.86,2.9,3.56,4.64,4.34,4.48
hinge,0.7,0,elo,0.08262525009922683,2025,0.6452543209876543,29.5,0.020097670924117204,0.6790587654320988,38.0,0.5740665163472379,0.314134007585335,24.848,13.183333333333334,0.0014092446448703494,0.16870400000000002,0.32266666666666666,0.12,0.24,0.52,1.22,1.8,2.66,4.7,5.36,8.6,15.28,0.6053204938271605,21.0,0.31115679330328394,0.06469258259791408,7.096,18.281333333333333,0.025434642627173213,0.240856,0.019333333333333334,0.58,1.08,1.68,2.0,2.74,4.12,4.54,6.08,7.84,9.84
hinge,0.7,0,one_sided_oracle,0.052270042011514306,2376,0.620848063973064,27.3,0.6142444831940352,0.7446127946127946,45.4,0.8251517857142857,0.8674278038952317,38.748,7.445,0.49855990783410137,0.11639600000000001,0.652,0.0,0.16,0.26,0.66,1.0,2.42,5.84,7.1,13.92,16.16,0.44726262626262625,9.2,0.8658499019304222,0.3706530732071846,27.776,12.489666666666666,0.6971714669144214,0.167768,0.37742150968603877,0.74,2.04,3.42,4.24,4.9,5.7,7.1,7.26,6.94,5.18
hinge,0.7,0,reciprocal_oracle,0.047379290917888284,3831,0.5642793004437484,16.5,0.2848977343158185,0.6698465152701645,29.4,0.765844014920312,0.5841745139218211,34.492,9.840666666666667,0.3311291963377416,0.142428,0.517,0.12,0.82,1.08,2.46,3.34,5.54,11.18,11.9,18.68,21.5,0.4270649960845732,3.5999999999999996,0.5647992577989099,0.26532907463223715,23.592,14.819333333333333,0.25327612199930416,0.21150400000000003,0.25033333333333335,2.54,4.18,6.84,8.66,8.4,8.92,10.74,10.02,8.06,8.26
hinge,0.7,1,random,0.050762166967615485,2323,0.60262634524322,20.3,0.08012770997476698,0.7031347395609127,31.4,0.6661766381766382,0.34509225461273063,27.606,13.332666666666666,0.0551994301994302,0.179264,0.3473333333333333,0.18,0.3,1.0,1.76,1.74,3.16,4.4,7.1,10.42,16.4,0.4759405940594059,9.2,0.42243903499239294,0.10194227627518605,11.232,18.363333333333333,0.09027023110917916,0.264388,0.043333333333333335,0.98,2.38,3.46,5.04,5.08,6.74,5.82,6.18,5.64,5.14
hinge,0.7,1,popularity,0.0866907921154052,1366,0.6921288433382138,35.699999999999996,0.7289909762100082,0.8262928257686677,54.0,0.8863461286089239,0.6715272166311614,36.566,9.075333333333333,0.6797080052493438,0.123756,0.5807204803202135,0.04,0.12,0.22,0.32,0.58,0.68,1.56,4.98,7.08,11.74,0.48826647144948754,17.4,0.8603070612043975,0.2827982928187048,24.384,14.370666666666667,0.761855275392441,0.18765600000000002,0.276126878130217,0.5,1.14,1.58,2.56,2.98,3.28,3.64,3.68,4.26,3.7
hinge,0.7,1,elo,0.07715724990703166,2038,0.6533405299313052,28.799999999999997,0.0162748643761302,0.6870166830225711,34.4,0.5587626089252706,0.2956009748799498,24.5,13.813666666666666,0.0,0.176584,0.30766666666666664,0.26,0.28,0.68,1.24,1.44,2.7,4.02,6.54,10.02,13.58,0.614737978410206,23.200000000000003,0.30175151020408164,0.06809436472830582,7.574,18.538,0.021306122448979593,0.244112,0.023,0.6,1.2,1.64,2.8,2.68,4.16,4.18,5.56,7.66,10.28
hinge,0.7,1,one_sided_oracle,0.054118874948471785,2256,0.6430567375886524,28.999999999999996,0.6546403917635258,0.7671170212765958,46.800000000000004,0.830296316771474,0.8452401670727463,38.854,7.661333333333333,0.5479234330730426,0.11732000000000001,0.6537691794529686,0.04,0.08,0.32,0.58,0.8,2.26,5.02,8.92,13.86,13.24,0.469145390070922,11.200000000000001,0.8771103103927523,0.39707496432883327,28.942,12.148,0.7341329078087199,0.16229199999999996,0.40681362725450904,0.94,1.72,3.08,4.84,4.8,5.94,5.96,6.6,6.72,4.52
hinge,0.7,1,reciprocal_oracle,0.04890224989503622,3529,0.5694667044488524,14.499999999999998,0.3300111114852352,0.6788489657126665,23.799999999999997,0.783929281407854,0.5729834599322614,34.85,10.137,0.3922111781000489,0.144808,0.5253333333333333,0.4,0.6,1.44,2.68,2.88,5.54,9.38,12.8,17.58,17.28,0.42537999433267215,5.2,0.5830093543758967,0.2815073048783285,24.548,14.533666666666667,0.2861979913916786,0.20838800000000002,0.273,2.08,4.02,6.08,8.86,7.62,8.78,9.2,9.34,7.5,7.1
hinge,0.7,2,random,0.05415095807984471,2182,0.6010439963336388,21.9,0.0678879874378435,0.7134665444546288,33.4,0.6695804143126177,0.3529396714936294,27.59,13.028666666666666,0.04218455743879473,0.174868,0.357,0.08,0.6,0.9,1.26,2.02,3.26,3.6,7.26,8.68,15.98,0.4573987167736022,10.4,0.4113941283073577,0.09910414333706608,10.62,17.86,0.07778180500181225,0.25881600000000005,0.03833333333333333,0.92,2.46,3.36,4.28,5.9,5.42,5.6,5.9,4.76,5.04
hinge,0.7,2,popularity,0.10464016604237258,1393,0.7134472361809046,38.5,0.7248731637762377,0.8455175879396984,58.8,0.8889933118652464,0.6560034897669853,36.092,9.169666666666666,0.6753364709767979,0.12489600000000002,0.5683333333333334,0.04,0.1,0.1,0.2,0.3,0.78,1.06,4.32,7.38,13.58,0.5073180186647523,18.2,0.8622715283165244,0.29081522391643655,24.222,13.881666666666666,0.7581181425246593,0.181596,0.275827482447342,0.26,1.08,1.78,2.04,2.62,3.64,3.4,4.14,3.96,4.94
hinge,0.7,2,elo,0.08474183408543468,1982,0.6390237134207871,28.499999999999996,0.023153593759673127,0.684217961654894,36.6,0.5695245220282626,0.31121145210509343,25.088,13.435666666666666,0.0011083402604599613,0.17176800000000003,0.3273333333333333,0.16,0.54,0.64,1.26,1.88,2.76,3.5,6.4,9.2,13.3,0.5853017154389506,20.4,0.3029279336734694,0.06703319155259199,7.218,17.94633333333333,0.029496173469387755,0.236952,0.021666666666666667,0.44,1.22,1.72,2.54,3.12,3.2,4.34,5.66,6.56,10.84
hinge,0.7,2,one_sided_oracle,0.0503539580386132,2178,0.6374848484848484,28.4,0.6397362402352452,0.7726850321395776,46.800000000000004,0.834414197057388,0.8451849908160588,38.652,7.622,0.5365734607070637,0.117304,0.649,0.02,0.18,0.28,0.34,1.1,2.14,2.98,8.86,13.74,13.92,0.44287419651056015,10.0,0.8742483700714064,0.4045530198313069,28.682,11.816333333333333,0.7162889371830694,0.15851600000000002,0.3968519758874749,0.62,1.96,2.8,3.86,5.14,5.4,6.12,6.78,5.6,5.28
hinge,0.7,2,reciprocal_oracle,0.04765458288602531,3642,0.561276221856123,16.3,0.29312114989733057,0.6709181768259198,27.400000000000002,0.7905777116402116,0.5610930895507716,34.248,10.173,0.3843419312169312,0.144956,0.513,0.2,1.14,1.3,2.22,4.04,6.28,7.02,13.76,19.0,17.88,0.41502690829214717,5.2,0.5369364634431207,0.28465195086365136,24.192,14.164666666666667,0.22868488670871293,0.206072,0.2786666666666667,1.96,4.26,6.64,7.68,9.32,9.26,9.32,8.84,7.68,7.88
hinge,0.8,0,random,0.05548270791769028,2013,0.6230357675111774,26.1,0.0801310851524922,0.7247382016890214,38.6,0.6921829505644219,0.357020725388601,27.562,12.866666666666667,0.06072401712728688,0.171948,0.3466666666666667,0.04,0.28,0.3,0.84,1.3,1.9,4.18,4.62,9.94,16.86,0.4942563338301043,13.600000000000001,0.4460821420796749,0.09456499733127197,10.276,18.111,0.0873666642478775,0.26125600000000004,0.041666666666666664,0.58,1.64,2.64,4.0,4.14,4.9,5.46,5.76,6.02,5.12
hinge,0.8,0,popularity,0.08946662489324808,1289,0.7103560899922421,40.8,0.731000528680941,0.8396943366951125,61.0,0.897027438016529,0.6748653167378785,36.328,8.971666666666666,0.6952066115702479,0.12152400000000001,0.5765255085028342,0.0,0.1,0.02,0.1,0.34,0.48,1.38,2.68,6.54,14.14,0.5114678044996122,20.599999999999998,0.864839022241797,0.28516886238834815,24.2,14.143666666666666,0.7548447478528958,0.18478000000000003,0.2819397993311037,0.36,0.94,1.32,1.52,2.5,2.98,3.82,4.2,4.32,3.82
hinge,0.8,0,elo,0.07538854191079736,1883,0.6787748274030801,35.5,0.022857510784881848,0.7173329792883696,43.8,0.6070176382660688,0.3064658099237985,24.372,13.254333333333333,0.0014947683109118087,0.169012,0.31666666666666665,0.06,0.2,0.26,0.76,1.14,1.96,4.02,4.66,8.42,16.18,0.6330631970260223,27.200000000000003,0.3370576070901034,0.061120450226575064,6.69,18.24266666666667,0.028721483669785,0.239776,0.021666666666666667,0.42,0.9,1.12,1.78,2.14,3.4,4.16,5.44,8.08,10.22
hinge,0.8,0,one_sided_oracle,0.05287820799276233,1922,0.6743329864724246,35.099999999999994,0.6726555259932439,0.7999271592091571,55.00000000000001,0.8555507876541449,0.8719974857450725,38.844,7.424333333333333,0.5713165585572743,0.11259200000000001,0.6555518506168723,0.0,0.0,0.08,0.14,0.28,0.96,3.46,5.44,12.8,15.28,0.4877939646201873,15.2,0.8841089486149727,0.3786811347747456,28.058,12.349,0.7458552157347338,0.16334,0.394314381270903,0.42,1.42,2.34,3.2,3.76,4.72,5.78,6.48,6.06,4.26
hinge,0.8,0,reciprocal_oracle,0.0492552500218153,3205,0.6077388455538222,22.0,0.33813865473937726,0.7185840873634946,37.2,0.7988501232678739,0.5876040074715572,34.604,9.815,0.3855309019807872,0.140904,0.5196666666666667,0.06,0.32,0.5,1.32,1.8,3.38,8.0,10.5,17.1,21.12,0.45753198127925115,6.800000000000001,0.6188165529996532,0.264283628030286,23.526,14.836333333333334,0.30591839093746387,0.21125200000000002,0.25133333333333335,1.44,2.96,5.34,6.86,6.94,7.28,9.2,8.84,7.62,7.62
hinge,0.8,1,random,0.05334145785309374,2060,0.6450543689320388,26.400000000000002,0.09235127478753541,0.7473067961165049,40.0,0.6949178228388474,0.3459233064981316,27.586,13.291,0.07524012806830309,0.178404,0.3463333333333333,0.12,0.24,0.46,0.9,1.24,1.82,3.42,6.18,9.66,17.16,0.5126233009708738,12.8,0.44686710650329875,0.10197714493016506,11.244,18.376666666666665,0.09932574494308707,0.26375200000000004,0.042666666666666665,0.82,1.32,2.5,3.96,3.9,6.1,6.16,5.38,5.66,5.4
hinge,0.8,1,popularity,0.09406858286820352,1244,0.7227081993569132,42.1,0.7450381188278058,0.8399003215434083,57.199999999999996,0.8948212087738677,0.6865398956002983,36.826,8.94,0.7058545052864131,0.12147600000000001,0.5887258172114743,0.04,0.06,0.12,0.22,0.36,0.48,1.2,3.32,6.56,12.52,0.5412958199356913,27.0,0.8658081790039646,0.3045463283352557,25.348,13.872,0.7720089067506652,0.18097200000000002,0.30946804951488793,0.3,0.68,1.2,2.34,2.24,3.0,3.34,3.6,4.34,3.84
hinge,0.8,1,elo,0.07567241694778204,1909,0.6929916186485071,34.599999999999994,0.018226158387883454,0.7319549502357255,42.6,0.6063270089285714,0.29057179530648325,23.996,13.763666666666667,0.0008370535714285714,0.17536000000000002,0.3016666666666667,0.1,0.1,0.36,0.74,0.84,1.92,3.44,5.66,9.64,15.38,0.6462535358826611,26.6,0.3293378896482747,0.06462198662122934,7.168,18.487,0.023420570095015837,0.242844,0.029,0.3,0.96,1.24,2.06,2.08,3.36,3.64,5.38,7.98,11.18
hinge,0.8,1,one_sided_oracle,0.055679624900221825,1811,0.6796725565985643,35.0,0.7096339283097395,0.8061281060187742,55.60000000000001,0.8602327362231642,0.8590252071214525,38.986,7.564,0.6132230274853001,0.11276,0.6589923256589924,0.0,0.02,0.08,0.16,0.32,0.94,2.76,6.36,12.42,13.16,0.49195030369961346,14.399999999999999,0.8937188734417483,0.4072960178223336,29.252,11.97,0.7819730159544452,0.156944,0.41532797858099063,0.56,1.08,2.22,3.44,3.66,5.14,4.68,5.5,5.78,4.16
hinge,0.8,1,reciprocal_oracle,0.050315209198743105,3008,0.611858045212766,20.1,0.38343692256005374,0.7191329787234042,33.0,0.8156762214983714,0.578341547315847,34.97,10.077666666666667,0.4495114006514658,0.14264799999999997,0.5226666666666666,0.12,0.26,0.76,1.34,2.04,3.86,6.7,11.48,16.72,16.88,0.4686223404255319,7.199999999999999,0.6314005147269087,0.2785022565940172,24.56,14.697666666666667,0.33703174149270804,0.209488,0.272,1.22,2.6,4.32,7.1,6.12,8.46,8.36,7.82,7.16,7.0
hinge,0.8,2,random,0.055763708893209696,2075,0.6439575903614457,27.700000000000003,0.07364949748743718,0.7627961445783132,42.0,0.6999014058106842,0.35391337874309214,27.538,12.968333333333334,0.05398313027179007,0.17416800000000002,0.3536666666666667,0.06,0.26,0.32,0.44,1.24,2.64,3.06,6.16,9.26,18.06,0.48626602409638553,13.4,0.43794799912847704,0.09955401295041894,10.67,17.863,0.08126951848355,0.258596,0.03766666666666667,0.46,1.64,2.66,4.12,4.94,5.46,6.04,5.78,5.54,4.86
hinge,0.8,2,popularity,0.08853100007399917,1241,0.7273875906526994,43.1,0.7357826851670901,0.861539081385979,64.2,0.8972569698900749,0.6716257725472781,36.296,9.007,0.6967500398279433,0.12241600000000002,0.571,0.02,0.02,0.06,0.1,0.2,0.46,0.7,3.22,6.54,13.5,0.512784850926672,22.0,0.8658931011681728,0.311359126984127,25.108,13.44,0.7627837778267578,0.17593999999999999,0.29866220735785953,0.18,0.76,1.3,1.58,2.56,2.88,3.34,3.82,3.8,4.6
hinge,0.8,2,elo,0.07881237496621907,1852,0.6687764578833694,33.300000000000004,0.022636988460810897,0.7198725701943844,43.4,0.6179530378632228,0.3082330808455864,24.904,13.466,0.002348106838861168,0.171544,0.32233333333333336,0.04,0.16,0.26,0.68,1.2,2.58,3.1,5.6,8.68,14.74,0.6071879049676026,23.200000000000003,0.3202553806617411,0.06327538815838347,6.814,17.948,0.028188242852553808,0.23683600000000002,0.022333333333333334,0.24,0.84,1.38,2.0,2.92,2.78,4.08,4.84,6.84,11.12
hinge,0.8,2,one_sided_oracle,0.05100250011309981,1755,0.6883350427350428,36.9,0.6947670123806992,0.8149960113960114,57.599999999999994,0.8634627608124914,0.8544267501874807,38.738,7.556333333333333,0.6025977615033854,0.11314800000000001,0.6546666666666666,0.0,0.0,0.04,0.08,0.36,0.86,1.44,6.72,11.98,13.62,0.49622905982905985,16.2,0.8900187929165161,0.41519176156736753,28.948,11.620333333333333,0.7636429345861945,0.15336000000000002,0.4055686011405569,0.32,1.06,1.88,2.74,4.0,4.4,5.3,5.6,4.96,4.84
hinge,0.8,2,reciprocal_oracle,0.049619417171925306,3063,0.6030287300032647,22.3,0.34147258985670803,0.7149193601044728,35.8,0.8196131687242798,0.5631672597864769,34.182,10.116,0.4316872427983539,0.14332,0.512,0.06,0.46,0.54,1.14,2.16,4.82,5.2,12.18,17.94,16.76,0.4509480901077375,8.799999999999999,0.5903929553566204,0.28361344537815125,24.3,14.28,0.2773389503247323,0.20665199999999997,0.2723333333333333,1.06,2.74,5.2,6.18,7.86,8.1,8.4,8.12,6.56,7.04
hinge,0.9,0,random,0.058534499956294894,1828,0.6576001094091903,30.5,0.08791383701188454,0.7632407002188184,47.599999999999994,0.7252050373868556,0.3573078620188439,27.532,12.842333333333332,0.07674144037780402,0.171196,0.352,0.04,0.08,0.16,0.42,0.86,1.58,2.96,4.3,8.9,17.26,0.5188796498905908,13.4,0.4591898881301758,0.09362047049720908,10.164,18.094333333333335,0.09203835536829871,0.2607,0.036,0.46,1.18,2.2,3.26,3.74,4.38,5.38,5.9,5.62,4.44
hinge,0.9,0,popularity,0.09734454099088907,1202,0.7257196339434276,43.4,0.7436838345132168,0.850405990016639,63.2,0.9038088666825284,0.6836723185082146,36.37,8.866333333333333,0.7229756523118408,0.119488,0.5737158105403602,0.0,0.06,0.04,0.08,0.18,0.36,1.02,1.7,6.4,14.2,0.5346389351081531,23.599999999999998,0.8684868847951609,0.30984150387025433,25.218,13.565,0.7580423425900468,0.17773200000000003,0.31749749079959855,0.28,0.8,1.08,1.54,2.04,2.58,3.22,4.36,4.32,3.82
hinge,0.9,0,elo,0.07767700008116663,1749,0.7254373927958834,41.0,0.01949085123309467,0.759264722698685,49.6,0.6424073958006894,0.29622157463448656,23.786,13.383,0.0031338138514572234,0.170056,0.30533333333333335,0.0,0.1,0.1,0.3,0.84,1.28,2.44,4.08,8.12,17.72,0.6848016009148085,32.4,0.3526671151097284,0.058564428212234114,6.382,18.162333333333333,0.023879593037921466,0.23825200000000002,0.025,0.16,0.48,1.02,1.46,1.72,2.64,3.14,5.28,8.1,10.98
hinge,0.9,0,one_sided_oracle,0.05167541606351733,1609,0.7016867619639527,40.300000000000004,0.7241696868872913,0.8358893722809199,62.6,0.8782442662164064,0.8849251490194294,38.896,7.325666666666667,0.6409174053749824,0.10787200000000001,0.655321988655322,0.0,0.0,0.0,0.1,0.08,0.4,1.38,3.68,11.54,15.0,0.49107395898073336,18.0,0.8963017276840807,0.3907736295155881,28.428,12.124666666666666,0.7850164541341011,0.158252,0.39912868632707776,0.28,0.98,1.94,2.72,3.08,3.5,5.14,5.14,5.56,3.84
hinge,0.9,0,reciprocal_oracle,0.04756975010968745,2751,0.6388287895310796,26.400000000000002,0.3877684471365639,0.7531057797164667,43.8,0.8244335854508371,0.5893441505317698,34.578,9.778666666666666,0.4366448542534206,0.13918,0.5183333333333333,0.02,0.12,0.16,0.66,1.32,1.94,5.6,9.12,16.14,19.94,0.4775521628498728,9.0,0.6637028168199434,0.2634973240477417,23.534,14.885666666666667,0.3545028630921395,0.21084799999999998,0.24833333333333332,1.02,2.3,3.98,5.7,5.54,6.4,8.14,7.88,7.04,7.02
hinge,0.9,1,random,0.05668016686104238,1859,0.6715492200107585,31.7,0.10914347668955547,0.7815933297471759,45.0,0.7287953026196928,0.34663860282141873,27.668,13.303,0.1017163504968383,0.17769200000000002,0.3473333333333333,0.02,0.12,0.26,0.56,0.66,1.66,2.58,4.92,8.82,17.58,0.5221785906401291,18.4,0.46500795142402773,0.1003535490889312,11.07,18.385,0.11211507879138355,0.263768,0.044333333333333336,0.3,1.06,2.14,3.34,3.96,5.56,4.88,5.72,5.12,5.1
hinge,0.9,1,popularity,0.09642704203724861,1098,0.7331029143897997,44.3,0.7613249211356466,0.8573734061930783,63.0,0.9024166982347147,0.701247015123375,37.002,8.794333333333332,0.7350556860368209,0.11889200000000001,0.595396931287525,0.0,0.02,0.08,0.14,0.16,0.32,0.66,2.48,5.46,12.64,0.5367978142076503,25.6,0.8693539808658991,0.3290536497806143,26.398,13.370666666666667,0.7800659423814928,0.174464,0.3421493136926682,0.16,0.48,1.02,1.6,2.3,2.9,2.88,3.26,3.56,3.8
hinge,0.9,1,elo,0.07650537486188114,1848,0.7109556277056277,37.8,0.02328447269425347,0.7519199134199134,46.800000000000004,0.6400555877243775,0.28748558246828143,23.928,13.872,0.0026056745801968733,0.176476,0.2966666666666667,0.1,0.12,0.16,0.6,0.52,1.44,2.76,5.12,9.94,16.2,0.6609264069264069,28.799999999999997,0.34079605483116016,0.062217418715662436,6.908,18.505,0.029254429956536276,0.24324,0.02666666666666667,0.22,0.6,1.06,1.62,1.88,3.18,3.46,5.2,7.96,11.78
hinge,0.9,1,one_sided_oracle,0.05540645797736943,1428,0.715750700280112,42.4,0.7524161620866325,0.842655462184874,65.0,0.8809553004726536,0.8666075388026607,39.084,7.516666666666667,0.6720459149223498,0.109096,0.6621035058430718,0.0,0.0,0.02,0.02,0.08,0.34,1.04,3.94,10.72,12.4,0.5113501400560224,19.8,0.9022570872991506,0.4216370106761566,29.62,11.708333333333334,0.8133251458397298,0.151728,0.4277088225427709,0.28,0.76,1.7,2.54,2.44,3.92,3.42,4.94,4.96,3.6
hinge,0.9,1,reciprocal_oracle,0.0486075000371784,2484,0.6437117552334943,27.3,0.43104433464421366,0.7587214170692431,43.0,0.8383904590753145,0.5800947553258456,35.018,10.061,0.4951805260578337,0.14122,0.5306666666666666,0.04,0.14,0.24,0.82,0.98,2.34,4.48,9.86,15.2,15.58,0.48338486312399354,11.600000000000001,0.6694149294648466,0.27840443918857455,24.484,14.657333333333334,0.38620138214632477,0.20788000000000004,0.27666666666666667,0.74,2.0,3.54,5.04,4.82,6.84,6.98,7.0,6.42,6.3
hinge,0.9,2,random,0.05842825002036989,1888,0.668125,31.4,0.08534932221063608,0.7825635593220339,47.4,0.734731047265987,0.35583376355188434,27.57,12.913333333333334,0.07970342910101946,0.17304000000000003,0.3536666666666667,0.0,0.14,0.2,0.38,0.82,1.86,2.22,5.24,8.76,18.14,0.5144216101694915,15.4,0.4504834240116068,0.1010829648504834,10.79,17.790666666666667,0.08755894087776568,0.25748400000000005,0.042666666666666665,0.32,1.04,2.34,3.04,4.68,4.9,6.04,5.92,5.0,4.48
hinge,0.9,2,popularity,0.09816933399997652,1159,0.7436436583261432,46.7,0.7485990585673573,0.8686298533218292,66.60000000000001,0.9043880688806888,0.6813626505123027,36.442,8.914,0.7251691266912669,0.12040000000000001,0.582,0.02,0.02,0.02,0.08,0.1,0.28,0.54,1.9,6.16,14.06,0.5473218291630716,26.8,0.8671182701278745,0.33443887389124566,26.016,12.965,0.765325723066791,0.170124,0.31994645247657294,0.02,0.64,0.96,1.44,2.08,2.86,3.2,3.58,3.78,4.62
hinge,0.9,2,elo,0.07668295805342495,1687,0.7019573206876112,38.0,0.020871143375680582,0.7496514522821577,47.599999999999994,0.6571551032994141,0.2998498904938849,24.37,13.545666666666667,0.0037002775208140612,0.17212799999999998,0.314,0.0,0.1,0.28,0.4,0.76,1.72,2.3,4.6,7.96,15.62,0.6444161232957913,28.4,0.34336364382437423,0.060144658753709196,6.486,17.973333333333333,0.0254411161263849,0.23671999999999999,0.025333333333333333,0.22,0.64,0.94,1.66,1.98,2.32,3.62,4.32,6.06,11.98
hinge,0.9,2,one_sided_oracle,0.050247458973899484,1464,0.7181229508196721,43.9,0.7382768941839309,0.8456612021857923,66.4,0.8831186579378069,0.8633816596993685,38.828,7.495333333333333,0.6589607201309329,0.10942800000000001,0.655,0.0,0.0,0.0,0.02,0.06,0.16,0.58,4.28,11.14,13.04,0.508672131147541,21.4,0.8992053157515195,0.4284211756456702,29.328,11.409333333333333,0.7981868754507057,0.14860399999999999,0.4210879785090665,0.18,0.74,1.32,2.08,3.52,3.84,4.48,4.7,4.24,4.18
hinge,0.9,2,reciprocal_oracle,0.04673358309082687,2636,0.6381259484066768,27.900000000000002,0.3888205548722154,0.7543338391502277,44.800000000000004,0.8409132488192891,0.5705234525310158,34.398,10.048666666666668,0.4695500869997514,0.141596,0.5193333333333333,0.02,0.08,0.28,0.56,1.2,3.02,3.86,10.44,16.84,16.42,0.47318512898330806,11.0,0.6419092970521542,0.28257357589379783,24.138,14.237,0.3321704750276179,0.20506,0.2806666666666667,0.66,1.9,3.98,4.74,6.82,6.92,7.84,7.2,6.04,6.62
