w,seed,ranker,seconds,matches,gini_matches,zero_match_pct,dead_like_share,a_gini_matches,a_zero_match_pct,a_gini_likes_received,a_like_rate,a_likes_sent_per_user,a_views_per_user_day,a_dead_like_share,a_exposure,a_cap_hit_share,a_u_decile_0,a_u_decile_1,a_u_decile_2,a_u_decile_3,a_u_decile_4,a_u_decile_5,a_u_decile_6,a_u_decile_7,a_u_decile_8,a_u_decile_9,b_gini_matches,b_zero_match_pct,b_gini_likes_received,b_like_rate,b_likes_sent_per_user,b_views_per_user_day,b_dead_like_share,b_exposure,b_cap_hit_share,b_u_decile_0,b_u_decile_1,b_u_decile_2,b_u_decile_3,b_u_decile_4,b_u_decile_5,b_u_decile_6,b_u_decile_7,b_u_decile_8,b_u_decile_9,dead
0.1,0,random,0.09528829110786319,1341,0.5407636092468308,22.5,0.0,0.5882371364653244,27.400000000000002,0.56921399730821,0.3993333333333333,11.98,1.0,0.0,0.06581200000000001,0.0,1.8,2.54,2.04,2.78,2.36,2.96,3.7,2.62,3.42,2.6,0.48870842654735275,17.599999999999998,0.30904707846410684,0.09906666666666666,2.972,1.0,0.0,0.08337200000000002,0.0,3.24,3.52,3.18,3.6,2.68,2.94,2.78,1.92,1.92,1.04,0.0
0.1,0,reciprocal_oracle,0.035318790934979916,8813,0.47135141268580505,1.4000000000000001,0.009676238296982059,0.5287917848632702,2.4,0.7142765625,0.7626,22.878,1.0,0.01953125,0.084328,0.0,8.8,17.42,13.24,17.76,15.72,17.66,25.06,17.6,23.18,19.82,0.4074151821173267,0.4,0.5266955153422502,0.512,15.36,1.0,0.003059708016435003,0.09522800000000001,0.0,22.44,22.2,23.68,23.22,16.78,18.38,15.58,13.86,11.84,8.28,0.9676238296982059
0.1,0,gale_shapley,1.1249867910519242,3685,0.4211432835820896,6.5,0.0,0.3825937584803256,5.2,0.3033535443602318,0.7543460818400642,22.564,0.9970666666666667,0.0,0.05982400000000001,0.0,4.7,6.8,5.88,7.28,6.64,7.68,8.74,8.18,9.06,8.74,0.456253459972863,7.8,0.11993369969863499,0.29994650976196846,8.972,0.9970666666666667,0.0,0.05982400000000001,0.0,6.78,7.88,8.92,9.34,7.46,8.14,7.12,6.9,6.32,4.84,0.0
0.1,1,random,0.1156267081387341,1449,0.52608005521049,20.200000000000003,0.0,0.5779558316080056,24.2,0.5460434227330779,0.38613333333333333,11.584,1.0,0.0,0.06617600000000001,0.0,2.66,2.38,2.62,3.02,2.6,2.82,3.48,2.8,3.64,2.96,0.4686004140786749,16.2,0.2976802486187845,0.1044,3.132,1.0,0.0,0.08254399999999999,0.0,4.3,3.82,3.3,3.6,2.8,2.94,2.9,2.32,1.48,1.52,0.0
0.1,1,reciprocal_oracle,0.03187158307991922,9315,0.4660532474503489,1.0999999999999999,0.005854618931661572,0.5292184648416532,1.7999999999999998,0.7120780078770169,0.762,22.86,1.0,0.011688476686570956,0.085632,0.0,17.12,14.42,15.74,19.28,14.82,19.68,20.3,20.92,22.44,21.58,0.39140161030595816,0.4,0.5198092738407699,0.5247333333333334,15.742,1.0,0.001837270341207349,0.09488000000000002,0.0,24.68,22.94,21.0,24.06,19.56,20.08,16.78,14.9,12.04,10.26,0.5854618931661573
0.1,1,gale_shapley,1.0741397910751402,3950,0.4165789873417722,5.800000000000001,0.0,0.3792881012658228,4.2,0.28963807189542484,0.7274001869408466,21.79,0.9985333333333334,0.0,0.05991200000000002,0.0,6.46,6.62,7.84,8.26,6.86,8.0,8.56,8.28,8.84,9.28,0.4508607594936709,7.3999999999999995,0.1279572280862781,0.3268794231539591,9.792,0.9985333333333334,0.0,0.059912000000000014,0.0,8.1,8.28,8.68,10.24,8.22,8.76,7.9,6.84,5.94,6.04,0.0
0.1,2,random,0.09363266685977578,1317,0.5496355353075171,23.0,0.0,0.622206529992407,30.4,0.5694285714285714,0.4074,12.222,1.0,0.0,0.06601600000000002,0.0,2.72,2.44,2.34,2.2,2.44,2.52,2.34,3.6,3.18,2.56,0.46645861807137434,15.6,0.3149504172803142,0.10313333333333333,3.094,1.0,0.0,0.083744,0.0,3.76,2.98,3.26,3.38,2.86,2.82,2.34,1.9,1.62,1.42,0.0
0.1,2,reciprocal_oracle,0.04688083310611546,8720,0.47697144495412847,2.0,0.00800042107479341,0.553047247706422,3.8,0.7208472345272751,0.7398666666666667,22.196,1.0,0.014048854575370206,0.085564,0.0,15.84,15.8,14.32,14.34,16.58,17.98,16.12,24.34,19.92,19.16,0.388295871559633,0.2,0.4934233195170301,0.5267333333333334,15.802,1.0,0.0036943593440259504,0.09347600000000002,0.0,26.38,20.28,21.78,21.1,22.38,16.84,15.1,11.56,9.58,9.4,0.800042107479341
0.1,2,gale_shapley,1.099041874986142,3570,0.4206549019607843,7.3,0.0,0.3907540616246499,6.0,0.28850294517444497,0.7425517702070809,22.232,0.998,0.0,0.05988000000000002,0.0,5.94,6.46,6.98,6.32,6.74,7.46,8.16,7.68,8.62,7.04,0.44847394957983194,8.6,0.11546275638718964,0.2948563794255177,8.828,0.998,0.0,0.059880000000000023,0.0,8.32,6.86,7.84,7.68,9.46,7.48,7.02,5.98,5.16,5.6,0.0
0.2,0,random,0.09622433292679489,1310,0.5370465648854962,22.0,0.0,0.5851480916030535,25.2,0.5786596026490066,0.39866666666666667,11.96,1.0,0.0,0.065892,0.0,1.2,2.58,1.9,2.52,2.38,2.32,3.72,3.08,3.7,2.8,0.4838137404580153,18.8,0.31871304347826085,0.10066666666666667,3.02,1.0,0.0,0.08320400000000001,0.0,2.9,2.96,3.38,3.5,2.88,2.56,2.52,2.08,1.9,1.52,0.0
0.2,0,reciprocal_oracle,0.029459541896358132,8184,0.4723075513196481,2.0,0.01025173098599109,0.5374095796676441,3.5999999999999996,0.7156663540131315,0.7445333333333334,22.336,1.0,0.020635133324400375,0.08363200000000001,0.0,6.44,13.58,11.0,15.72,14.0,16.34,24.2,17.42,23.28,21.7,0.3991490713587488,0.4,0.5197030802292264,0.4975333333333333,14.926,1.0,0.0033130372492836675,0.094212,0.0,18.1,18.92,20.96,21.5,16.16,18.08,15.52,13.64,12.0,8.8,1.025173098599109
0.2,0,gale_shapley,1.1212942078709602,3474,0.4266709844559585,7.3999999999999995,0.0,0.38929763960852043,6.800000000000001,0.3030131852879944,0.7339885011365156,21.958,0.9972,0.0,0.059832000000000024,0.0,3.7,5.5,5.58,6.62,6.24,7.42,8.44,7.74,8.82,9.42,0.46039263097294186,8.0,0.12959777757537116,0.2890092258323305,8.646,0.9972,0.0,0.05983200000000002,0.0,5.1,6.22,7.86,8.58,7.48,7.8,7.54,6.8,6.74,5.36,0.0
0.2,1,random,0.09827029099687934,1332,0.540496996996997,22.1,0.0,0.5895975975975976,26.6,0.5524513618677043,0.38926666666666665,11.678,1.0,0.0,0.066044,0.0,2.12,1.74,2.16,2.46,1.62,3.0,3.66,2.96,3.32,3.6,0.486033033033033,17.599999999999998,0.31494194211337556,0.1028,3.084,1.0,0.0,0.08271600000000001,0.0,2.76,3.46,2.82,3.62,2.94,3.06,2.22,2.52,1.46,1.78,0.0
0.2,1,reciprocal_oracle,0.04026024998165667,8674,0.4736833064330182,1.5,0.0058789259043482865,0.5446119437399124,2.6,0.7146946169772257,0.7435333333333334,22.306,1.0,0.010610766045548654,0.085132,0.0,13.22,11.86,13.26,16.92,13.16,18.18,19.52,21.0,23.02,23.34,0.3895974175697487,0.4,0.5202731103738905,0.5152,15.456,1.0,0.0026001972563435847,0.09404000000000003,0.0,19.64,19.78,19.02,23.36,17.96,19.36,16.02,15.12,12.38,10.84,0.5878925904348287
0.2,1,gale_shapley,1.14886041614227,3673,0.4272248842907705,6.800000000000001,0.0,0.39466975224612033,4.8,0.2937396852403233,0.7098023504273504,21.26,0.9984,0.0,0.05990400000000002,0.0,5.36,5.88,6.94,7.42,6.28,7.46,8.26,7.72,8.62,9.52,0.45761557310100737,8.799999999999999,0.13821937911571025,0.3139690170940171,9.404,0.9984,0.0,0.05990400000000002,0.0,6.12,6.38,7.58,9.24,7.76,8.32,7.92,7.16,6.3,6.68,0.0
0.2,2,random,0.0930664159823209,1309,0.5339961802902979,21.8,0.0,0.588096256684492,27.6,0.5714016445287793,0.4124,12.372,1.0,0.0,0.06621200000000002,0.0,2.28,1.9,2.22,2.08,2.46,2.8,2.38,3.3,3.48,3.28,0.47445225362872423,16.0,0.31061946330423534,0.1054,3.162,1.0,0.0,0.083984,0.0,3.2,2.52,3.16,3.4,3.48,2.78,2.0,2.22,1.8,1.62,0.0
0.2,2,reciprocal_oracle,0.05097770900465548,8096,0.4799530632411067,2.5,0.007504589137242198,0.5612949604743083,4.6,0.7258352604911005,0.7216666666666667,21.65,1.0,0.013251916331038067,0.084732,0.0,12.2,12.5,11.96,12.4,15.12,16.84,15.12,24.04,20.2,21.54,0.3843374505928854,0.4,0.4844646651270208,0.5131333333333333,15.394,1.0,0.0034180138568129332,0.092376,0.0,21.24,17.58,19.66,19.56,21.12,16.54,15.2,11.78,9.82,9.42,0.7504589137242198
0.2,2,gale_shapley,1.1524905830156058,3334,0.4233218356328734,7.7,0.0,0.39508098380323936,7.199999999999999,0.2877764092846992,0.7221257844839097,21.632,0.9985333333333334,0.0,0.05991200000000002,0.0,4.96,5.82,6.16,5.42,5.88,7.24,7.48,7.52,8.32,7.88,0.44950569886022795,8.200000000000001,0.12449001479289941,0.2818800907998398,8.444,0.9985333333333334,0.0,0.059912000000000014,0.0,6.38,5.66,6.7,6.72,8.86,7.48,7.04,6.18,5.52,6.14,0.0
0.3,0,random,0.08689504186622798,1199,0.5613119266055046,26.8,0.0,0.6196013344453711,32.4,0.5845239658568615,0.397,11.91,1.0,0.0,0.066016,0.0,0.62,1.64,1.26,2.08,1.88,2.84,3.58,2.32,3.86,3.9,0.4964954128440367,21.2,0.32438790931989925,0.10153333333333334,3.046,1.0,0.0,0.083184,0.0,1.92,2.78,3.24,2.94,2.54,2.86,2.24,2.08,1.98,1.4,0.0
0.3,0,reciprocal_oracle,0.03702229191549122,7365,0.4823705363204345,2.4,0.01160734026088879,0.5563000678886626,4.2,0.7242756809069543,0.7239333333333333,21.718,1.0,0.023226876814599753,0.082984,0.0,3.92,9.8,8.28,12.6,11.48,13.96,22.24,16.86,23.26,24.9,0.3977588594704684,0.6,0.519097706971176,0.4822,14.466,1.0,0.003867759462197256,0.09308000000000001,0.0,13.22,15.7,18.04,19.12,15.04,17.2,14.9,13.34,12.04,8.7,1.160734026088879
0.3,0,gale_shapley,1.1911436249502003,3048,0.44154101049868766,8.5,0.0,0.41361286089238847,8.799999999999999,0.31802462169787127,0.7063895201176313,21.138,0.9974666666666666,0.0,0.05984800000000001,0.0,2.36,3.96,4.12,5.6,5.42,6.44,7.46,7.44,8.36,9.8,0.46689370078740156,8.200000000000001,0.14623767622291609,0.2605935035423072,7.798,0.9974666666666666,0.0,0.05984800000000001,0.0,3.24,4.4,6.04,7.1,6.26,6.98,7.1,6.92,6.88,6.04,0.0
0.3,1,random,0.11833825008943677,1349,0.5459221645663455,23.599999999999998,0.0,0.6105663454410675,29.799999999999997,0.557523263224984,0.3937333333333333,11.812,1.0,0.0,0.06612400000000002,0.0,1.54,1.72,1.78,2.04,1.78,2.76,3.24,3.38,4.4,4.34,0.47193031875463304,17.4,0.328726041313918,0.1046,3.138,1.0,0.0,0.08294800000000001,0.0,2.58,2.46,3.26,3.48,2.86,3.36,2.62,2.54,1.98,1.84,0.0
0.3,1,reciprocal_oracle,0.041226208209991455,7933,0.4871390394554393,1.7000000000000002,0.008322001631765026,0.5681671498802471,3.2,0.730948069241012,0.725,21.75,1.0,0.012916111850865513,0.08461600000000001,0.0,8.86,8.32,10.1,13.7,11.38,15.98,18.64,20.96,24.08,26.64,0.38971813941762257,0.2,0.5289782068965517,0.5006666666666667,15.02,1.0,0.005149425287356322,0.093284,0.0,14.54,16.38,16.68,21.12,16.42,18.46,15.56,15.44,12.5,11.56,0.8322001631765027
0.3,1,gale_shapley,1.2506212498992682,3345,0.43888430493273545,8.0,0.0,0.42198923766816143,7.8,0.31166911764705885,0.6830539042148153,20.452,0.9980666666666667,0.0,0.059884000000000014,0.0,4.32,4.5,5.8,6.32,5.46,6.84,8.02,7.42,8.18,10.04,0.4550726457399103,8.200000000000001,0.15546371992959124,0.2906953443323759,8.704,0.9980666666666667,0.0,0.059884000000000014,0.0,3.88,4.66,6.32,8.38,6.86,7.8,7.46,7.4,6.58,7.56,0.0
0.3,2,random,0.08453775011003017,1171,0.5577634500426986,25.2,0.0,0.6351545687446627,33.4,0.5857857577601948,0.40113333333333334,12.034,1.0,0.0,0.06641600000000002,0.0,1.28,1.16,1.44,1.8,1.94,2.7,2.3,3.54,3.28,3.98,0.4675132365499573,17.0,0.33419212232009304,0.10953333333333333,3.286,1.0,0.0,0.083456,0.0,2.34,2.36,2.8,2.52,2.94,2.94,2.44,2.02,1.5,1.56,0.0
0.3,2,reciprocal_oracle,0.04592050006613135,7346,0.4924206370814048,3.9,0.009202453987730062,0.5844388783011163,7.000000000000001,0.7403833445265279,0.699,20.97,1.0,0.016252518468770988,0.084096,0.0,7.88,8.72,9.02,9.88,12.8,15.0,14.02,23.52,20.9,25.18,0.38220038115981486,0.8,0.4855673819742489,0.49633333333333335,14.89,1.0,0.004196471149260849,0.09171200000000002,0.0,16.06,14.68,17.22,17.5,19.18,15.7,14.76,11.86,10.2,9.76,0.9202453987730062
0.3,2,gale_shapley,1.3668902919162065,2986,0.43885632953784326,10.100000000000001,0.0,0.41380308104487606,10.0,0.30238868894601545,0.6921433816167145,20.738,0.9987333333333334,0.0,0.05992400000000002,0.0,3.54,4.92,4.88,4.9,5.18,6.22,7.14,6.94,8.16,7.84,0.4618821165438714,10.2,0.1377777992091812,0.25966223883585876,7.78,0.9987333333333334,0.0,0.05992400000000001,0.0,4.16,4.58,5.4,6.12,7.54,6.84,6.8,6.1,5.46,6.72,0.0
0.4,0,random,0.10044579184614122,1046,0.5775210325047802,28.599999999999998,0.0,0.6360726577437859,34.0,0.6112970711297071,0.39753333333333335,11.926,1.0,0.0,0.06563600000000001,0.0,0.36,0.98,1.18,1.78,1.44,1.88,3.0,2.58,3.62,4.1,0.5111434034416826,23.200000000000003,0.33936038906590643,0.0956,2.868,1.0,0.0,0.08311199999999999,0.0,1.28,2.28,2.16,2.5,2.02,2.78,2.14,2.3,2.0,1.46,0.0
0.4,0,reciprocal_oracle,0.040698334109038115,6540,0.5058544342507645,4.8,0.014927073837739288,0.5887504587155963,8.799999999999999,0.7442867042009528,0.7083333333333334,21.25,1.0,0.029449978345604158,0.08220800000000002,0.0,2.24,6.12,5.74,9.24,9.18,11.6,19.32,16.0,23.12,28.24,0.40967706422018346,0.8,0.5293317647058824,0.4618,13.854,1.0,0.005458823529411765,0.09246000000000001,0.0,9.2,11.98,15.12,16.36,14.0,15.96,14.58,13.12,12.1,8.38,1.4927073837739289
0.4,0,gale_shapley,1.296067708171904,2617,0.4698689338937715,12.5,0.0,0.4485953381734811,13.600000000000001,0.3469161816065192,0.6696762974852862,20.026,0.9968,0.0,0.059808000000000014,0.0,1.3,2.78,3.22,4.32,4.52,5.46,6.4,6.44,8.08,9.82,0.4890263660680168,11.4,0.1718076500549286,0.2298020331728197,6.872,0.9968,0.0,0.05980800000000002,0.0,1.78,2.56,4.5,5.34,5.5,6.22,6.7,6.76,6.96,6.02,0.0
0.4,1,random,0.08412725012749434,1157,0.5765151253241141,27.700000000000003,0.00026946914578280785,0.6540622299049266,35.4,0.5884696774193549,0.3914666666666667,11.744,1.0,0.0,0.06604000000000002,0.0,0.8,0.92,1.32,1.7,1.52,2.36,2.84,2.86,4.4,4.42,0.4842644770959378,20.0,0.345366485013624,0.10333333333333333,3.1,1.0,0.0003405994550408719,0.082816,0.0,1.7,1.9,1.76,3.08,2.68,2.96,2.16,2.62,2.4,1.88,0.026946914578280787
0.4,1,reciprocal_oracle,0.028968833154067397,7070,0.5120082036775107,2.9000000000000004,0.010129274161956461,0.6010336633663367,5.2,0.7573709477169265,0.708,21.24,1.0,0.014346806456062905,0.08409600000000002,0.0,5.1,5.28,6.76,10.12,8.86,13.5,16.32,20.4,24.54,30.52,0.4033442715700141,0.6,0.5451992467043314,0.4832666666666667,14.498,1.0,0.007250470809792844,0.09296400000000003,0.0,9.68,13.14,14.0,18.34,15.0,16.94,14.62,15.06,12.76,11.86,1.012927416195646
0.4,1,gale_shapley,1.3486694158054888,2874,0.46085873347251216,9.3,0.0,0.4416019485038274,8.799999999999999,0.33492444444444447,0.6485366831484699,19.412,0.9977333333333334,0.0,0.05986400000000002,0.0,2.76,2.9,4.36,5.14,4.62,5.66,6.94,7.02,8.0,10.08,0.479116214335421,9.8,0.17397486091077685,0.2555793131097154,7.65,0.9977333333333334,0.0,0.05986400000000002,0.0,2.02,3.44,4.72,6.68,5.68,6.88,6.34,7.42,6.52,7.78,0.0
0.4,2,random,0.10244329203851521,1039,0.5739855630413859,29.099999999999998,0.0,0.6502540904716073,36.6,0.6069335142469471,0.38913333333333333,11.674,1.0,0.0,0.06578,0.0,0.52,0.98,1.04,1.34,1.66,1.94,2.16,3.16,3.1,4.88,0.4857228103946102,21.6,0.342651704642796,0.09826666666666667,2.948,1.0,0.0,0.08265600000000001,0.0,2.1,1.7,1.92,2.38,2.42,2.6,2.3,1.78,1.76,1.82,0.0
0.4,2,reciprocal_oracle,0.03970087505877018,6587,0.5106309397297708,4.5,0.011288751360953527,0.61607378169121,9.0,0.7616119402985074,0.681,20.43,1.0,0.02155887230514096,0.08346400000000002,0.0,4.06,5.7,6.32,7.26,9.9,13.06,12.04,22.42,21.86,29.12,0.3812767572491271,0.0,0.49721096426823297,0.4824,14.472,1.0,0.004013705335291239,0.09138800000000001,0.0,11.08,12.12,14.62,15.58,17.08,14.68,14.22,11.84,10.36,10.16,1.1288751360953526
0.4,2,gale_shapley,1.362320583080873,2559,0.461694021101993,12.5,0.0,0.4434458772958187,12.0,0.33124934687953556,0.6552023507412849,19.622,0.9982666666666666,0.0,0.05989600000000001,0.0,2.02,3.54,3.68,3.84,4.08,5.82,6.08,6.32,7.62,8.18,0.4786486908948808,13.0,0.15623993476709816,0.230065446774409,6.89,0.9982666666666666,0.0,0.05989600000000001,0.0,2.28,3.04,4.1,4.92,6.48,5.9,5.9,5.9,5.5,7.16,0.0
0.5,0,random,0.07786762504838407,976,0.6016803278688525,33.7,0.0,0.679077868852459,42.8,0.6350649717514124,0.39986666666666665,11.996,1.0,0.0,0.065536,0.0,0.2,0.62,0.56,1.2,1.42,1.44,2.9,2.82,3.78,4.58,0.5097213114754099,24.6,0.36443947982660885,0.0944,2.832,1.0,0.0,0.08329600000000002,0.0,1.14,1.52,2.22,2.54,2.28,2.06,2.4,1.86,2.04,1.46,0.0
0.5,0,reciprocal_oracle,0.02818150003440678,5819,0.5373469668327892,6.5,0.021039022096850022,0.6339463825399553,12.6,0.7715160419790105,0.6897333333333333,20.692,1.0,0.038980509745127435,0.08165200000000002,0.0,0.98,3.42,3.78,6.38,6.82,8.76,16.62,14.88,22.96,31.78,0.4218522082832102,0.4,0.5530028996713706,0.44466666666666665,13.34,1.0,0.009472259810554804,0.092196,0.0,6.38,9.08,12.28,13.64,12.68,14.32,14.44,12.84,12.2,8.52,2.1039022096850024
0.5,0,gale_shapley,1.4725515418685973,2197,0.5109467455621302,18.9,0.0,0.49621939007737825,19.6,0.3837933355772467,0.6245484949832776,18.674,0.9966666666666667,0.0,0.05980000000000002,0.0,0.66,1.58,2.16,3.06,3.5,4.44,5.7,5.86,7.48,9.5,0.5245780609922622,18.2,0.20468308878654815,0.19872909698996655,5.942,0.9966666666666667,0.0,0.05980000000000001,0.0,0.76,1.54,3.0,3.68,4.22,5.26,6.16,6.38,6.92,6.02,0.0
0.5,1,random,0.10035612503997982,1061,0.6052874646559849,31.1,0.0,0.6759000942507069,38.2,0.6361037796284433,0.3980666666666667,11.942,1.0,0.0,0.06613200000000001,0.0,0.52,0.46,0.72,1.26,1.34,1.8,2.52,3.34,3.58,5.68,0.5224524033930255,24.0,0.36820465583654327,0.10406666666666667,3.122,1.0,0.0,0.083188,0.0,0.92,1.42,1.76,2.66,2.76,2.7,2.28,2.58,2.32,1.82,0.0
0.5,1,reciprocal_oracle,0.0351432089228183,6259,0.5488801725515258,4.3,0.013926299501404091,0.6509426425946637,8.0,0.7874466883208586,0.6912,20.736,1.0,0.021324671656545686,0.08407600000000001,0.0,2.3,3.16,4.3,6.9,6.7,10.26,13.26,19.08,24.74,34.48,0.42023486179900943,0.6,0.5649645061728396,0.4720666666666667,14.162,1.0,0.008873456790123456,0.09303200000000002,0.0,5.96,9.7,11.26,15.92,13.28,15.72,13.74,14.64,12.86,12.1,1.3926299501404091
0.5,1,gale_shapley,1.517536458093673,2353,0.5140934976625584,15.0,0.0,0.4957390565235869,14.799999999999999,0.3808185185185185,0.6129571438122619,18.336,0.9971333333333333,0.0,0.05982800000000002,0.0,1.3,1.84,2.84,3.52,3.72,4.58,5.8,6.48,7.32,9.66,0.5309587760305993,15.2,0.1968106457242583,0.21662098014307682,6.48,0.9971333333333333,0.0,0.05982800000000002,0.0,0.82,2.04,2.86,5.32,3.96,5.72,5.18,6.68,6.82,7.66,0.0
0.5,2,random,0.08561166701838374,974,0.5955749486652977,31.6,0.0,0.6823901437371663,40.400000000000006,0.6226819338422391,0.40273333333333333,12.082,1.0,0.0,0.06614400000000001,0.0,0.24,0.66,0.6,1.14,1.54,1.96,2.18,3.22,3.16,4.78,0.49141683778234085,22.8,0.35617513656679356,0.1048,3.144,1.0,0.0,0.08352000000000001,0.0,1.12,1.5,2.08,2.32,2.34,2.54,2.06,2.22,1.54,1.76,0.0
0.5,2,reciprocal_oracle,0.04678908409550786,5900,0.5428457627118644,6.0,0.017575828826710556,0.6598759322033898,11.4,0.7958008462623414,0.6614666666666666,19.844,1.0,0.03441466854724965,0.08313600000000002,0.0,1.92,3.36,3.96,4.7,7.54,10.2,10.14,20.88,21.6,33.7,0.3942935593220339,0.6,0.5210929248135456,0.4726666666666667,14.18,1.0,0.005543237250554324,0.091296,0.0,6.78,9.38,11.84,13.62,15.36,13.7,13.86,11.88,10.62,10.96,1.7575828826710556
0.5,2,gale_shapley,1.4108571249525994,2126,0.507670272812794,18.0,0.0,0.49174600188146755,17.0,0.3665112168592794,0.6151430098904036,18.41,0.9976,0.0,0.05985600000000001,0.0,0.98,2.06,2.46,2.62,3.64,4.68,5.26,5.52,7.22,8.08,0.5225155221072436,19.0,0.18658663769690387,0.1966051857792034,5.884,0.9976,0.0,0.05985600000000001,0.0,1.04,1.68,2.78,3.98,4.98,4.6,5.04,5.5,5.36,7.56,0.0
0.6,0,random,0.08929483289830387,877,0.6280433295324972,37.3,0.0,0.7191402508551882,48.6,0.6704370677731674,0.3966,11.898,1.0,0.0,0.065692,0.0,0.04,0.28,0.4,0.6,0.82,1.22,2.3,2.48,3.42,5.98,0.5145153933865451,26.0,0.37609043536728864,0.0964,2.892,1.0,0.0,0.08308000000000001,0.0,0.66,1.22,1.6,2.02,2.08,2.06,2.08,1.68,2.44,1.7,0.0
0.6,0,reciprocal_oracle,0.032253332901746035,5126,0.5778640265314086,11.1,0.027331965729455773,0.6858259851736247,20.4,0.8041972956361402,0.6710666666666667,20.132,1.0,0.048401966810079904,0.08126400000000002,0.0,0.4,1.58,2.34,3.74,4.5,6.24,13.16,13.36,22.44,34.76,0.44368240343347637,1.7999999999999998,0.5856125571229883,0.4338666666666667,13.016,1.0,0.013709517186568647,0.09190800000000002,0.0,4.2,6.24,9.48,11.38,10.88,12.84,13.8,12.66,12.02,9.02,2.733196572945577
0.6,0,gale_shapley,1.5478735000360757,1819,0.5683771302913689,27.500000000000004,0.0,0.5580483782297966,28.599999999999998,0.4354062751407884,0.5830433618843683,17.426,0.9962666666666666,0.0,0.05977600000000001,0.0,0.22,0.84,1.4,1.94,2.5,3.42,4.68,4.96,6.68,9.74,0.5776459593183068,26.400000000000002,0.24320463674968437,0.16635438972162742,4.972,0.9962666666666666,0.0,0.05977600000000002,0.0,0.26,0.68,1.66,2.4,2.86,4.04,5.3,5.84,6.74,6.6,0.0
0.6,1,random,0.08856975007802248,921,0.638085776330076,36.4,0.0,0.7193159609120521,45.2,0.6613414790996784,0.3924666666666667,11.774,1.0,0.0,0.06606800000000002,0.0,0.16,0.26,0.64,1.0,1.04,1.24,1.9,2.58,4.14,5.46,0.539085776330076,27.6,0.39025411924579584,0.10366666666666667,3.11,1.0,0.0,0.08286000000000002,0.0,0.46,1.14,1.4,2.34,2.4,2.48,2.3,2.3,2.0,1.6,0.0
0.6,1,reciprocal_oracle,0.03354195808060467,5566,0.5865486884656845,7.3999999999999995,0.020728716571295106,0.6974078332734459,13.4,0.8219786927728189,0.6786666666666666,20.36,1.0,0.028937517995968904,0.08374400000000001,0.0,1.02,1.9,2.58,4.08,4.54,7.16,10.7,16.7,24.44,38.2,0.44280776140855194,1.4000000000000001,0.6035838899803536,0.4630666666666667,13.892,1.0,0.01512770137524558,0.09303600000000001,0.0,3.5,6.92,8.88,13.02,11.76,14.6,13.14,14.48,13.02,12.0,2.0728716571295105
0.6,1,gale_shapley,1.49618108314462,1840,0.5691978260869566,23.7,0.0,0.5539130434782609,24.6,0.4375191424196018,0.568034268121277,16.974,0.9960666666666667,0.0,0.05976400000000002,0.0,0.48,1.02,1.56,2.24,2.54,3.0,4.46,5.56,6.78,9.16,0.5829782608695652,22.8,0.22823494756686696,0.17482096245231243,5.224,0.9960666666666667,0.0,0.05976400000000002,0.0,0.22,1.12,1.38,3.24,2.64,4.4,4.5,5.66,6.0,7.64,0.0
0.6,2,random,0.0877629998140037,882,0.630765306122449,36.199999999999996,0.0,0.7305578231292517,48.4,0.6542868318122556,0.4080666666666667,12.242,1.0,0.0,0.06600400000000001,0.0,0.1,0.36,0.54,0.64,0.96,1.48,1.58,3.1,3.34,5.54,0.5051791383219955,24.0,0.38267832053586015,0.10226666666666667,3.068,1.0,0.0,0.08376,0.0,0.48,1.16,1.64,2.02,2.36,2.12,2.18,2.34,1.44,1.9,0.0
0.6,2,reciprocal_oracle,0.036185875069350004,5247,0.5858277110729941,10.6,0.02399427002506864,0.7155513626834381,19.0,0.8297418986438259,0.6499333333333334,19.498,1.0,0.046680942184154174,0.08322400000000002,0.0,0.8,1.62,2.4,2.96,5.14,7.54,7.68,18.2,20.92,37.68,0.41385515532685346,2.1999999999999997,0.5625083598317776,0.467,14.01,1.0,0.007693096727869525,0.09162400000000001,0.0,3.62,6.8,9.46,11.66,13.64,12.82,13.0,12.12,10.52,11.3,2.399427002506864
0.6,2,gale_shapley,1.504928832873702,1715,0.5633638483965014,25.2,0.0,0.5531510204081632,25.4,0.4215361371988567,0.5699665551839465,17.042,0.9966666666666667,0.0,0.05980000000000002,0.0,0.4,1.02,1.36,1.74,2.56,3.64,4.12,4.6,6.58,8.28,0.5729527696793003,25.0,0.22613988968430934,0.16381270903010034,4.898,0.9966666666666667,0.0,0.05980000000000002,0.0,0.32,0.84,1.6,2.48,3.58,3.5,4.14,5.14,5.02,7.68,0.0
0.7,0,random,0.1010493750218302,761,0.6587201051248357,41.4,0.0,0.7347095926412615,50.4,0.6966948555320648,0.39693333333333336,11.908,1.0,0.0,0.065536,0.0,0.04,0.16,0.24,0.62,0.54,0.78,1.66,2.16,3.52,5.5,0.5668988173455979,32.4,0.41086059791736645,0.0946,2.838,1.0,0.0,0.08315200000000002,0.0,0.4,0.64,1.12,1.44,1.72,1.9,1.9,2.32,2.1,1.68,0.0
0.7,0,reciprocal_oracle,0.03412083396688104,4636,0.619886108714409,16.5,0.03684436011995838,0.7339827437446074,28.599999999999998,0.83885580231467,0.663,19.89,1.0,0.05974350954019393,0.081184,0.0,0.18,0.7,1.12,2.32,3.14,4.4,9.3,11.18,21.84,38.54,0.4726039689387403,4.3999999999999995,0.6350055304172951,0.4262666666666667,12.788,1.0,0.02212166918049271,0.09240800000000002,0.0,2.48,4.28,7.74,9.64,9.56,11.12,13.0,12.76,12.2,9.94,3.6844360119958384
0.7,0,gale_shapley,1.6008969999384135,1437,0.6268643006263048,37.0,0.0,0.6173347251217814,38.2,0.5015602836879433,0.5443461950696677,16.252,0.9952,0.0,0.059712000000000015,0.0,0.08,0.4,0.66,1.02,1.8,2.36,3.48,4.04,5.62,9.28,0.6353695198329854,35.8,0.28017917794732955,0.1322347266881029,3.948,0.9952,0.0,0.059712000000000015,0.0,0.06,0.3,0.9,1.44,1.74,2.9,3.92,4.78,5.98,6.72,0.0
0.7,1,random,0.0827624169178307,840,0.6575428571428571,40.400000000000006,0.0,0.7491476190476191,51.4,0.667645371577575,0.3954,11.862,1.0,0.0,0.06599600000000001,0.0,0.08,0.08,0.26,0.66,0.54,1.0,1.78,2.74,3.72,5.94,0.5399333333333334,29.4,0.39708615747765974,0.10226666666666667,3.068,1.0,0.0,0.08304800000000001,0.0,0.38,0.84,1.32,2.02,1.76,1.94,2.26,2.28,2.12,1.88,0.0
0.7,1,reciprocal_oracle,0.036640374921262264,4992,0.629027844551282,13.0,0.03088165959453088,0.7509559294871795,23.0,0.8518527233115468,0.6722,20.166,1.0,0.040522875816993466,0.08376000000000001,0.0,0.34,0.78,1.44,2.46,2.76,4.82,8.0,14.4,23.52,41.32,0.4627331730769231,3.0,0.6479022116433601,0.459,13.77,1.0,0.024298323911534265,0.09341600000000003,0.0,2.26,4.84,6.9,10.3,9.92,13.36,12.7,14.46,12.9,12.2,3.088165959453088
0.7,1,gale_shapley,1.6249431250616908,1482,0.6343677462887989,34.1,0.0,0.6218353576248313,33.6,0.5101817321344061,0.5277833634962129,15.748,0.9946,0.0,0.059676000000000014,0.0,0.14,0.38,0.82,1.36,1.48,2.42,3.38,4.9,6.14,8.62,0.6458947368421053,34.599999999999994,0.26266395732791464,0.1416314766405255,4.226,0.9946,0.0,0.059676000000000014,0.0,0.04,0.5,0.7,1.66,1.66,3.46,3.46,4.82,5.68,7.66,0.0
0.7,2,random,0.09087245794944465,858,0.654490675990676,38.9,0.0,0.751986013986014,49.8,0.6950312699425654,0.396,11.88,1.0,0.0,0.066108,0.0,0.08,0.28,0.28,0.46,0.78,1.12,1.42,2.82,3.32,6.6,0.5322144522144522,28.000000000000004,0.4071535353535354,0.10446666666666667,3.134,1.0,0.0,0.083024,0.0,0.42,1.16,1.34,1.94,1.94,2.1,2.26,2.22,1.86,1.92,0.0
0.7,2,reciprocal_oracle,0.03558725002221763,4820,0.6233136929460581,15.5,0.03714853392738877,0.7550307053941909,26.6,0.8638628489620616,0.6416,19.248,1.0,0.0721546170365068,0.08327600000000002,0.0,0.28,1.02,1.34,2.08,3.2,5.32,6.18,15.52,20.24,41.22,0.444301244813278,4.3999999999999995,0.6090731504571903,0.4656666666666667,13.97,1.0,0.011741479634247714,0.092156,0.0,1.88,4.82,7.56,9.74,11.88,11.9,12.68,12.98,10.86,12.1,3.7148533927388767
0.7,2,gale_shapley,1.6528275420423597,1393,0.6225908111988514,34.0,0.0,0.6064881550610194,33.4,0.48252147852147853,0.5361901573485102,16.016,0.9956666666666667,0.0,0.059740000000000015,0.0,0.2,0.6,0.66,0.94,1.9,2.62,2.96,3.94,5.92,8.12,0.6377444364680546,34.599999999999994,0.2641853146853147,0.13404753933712754,4.004,0.9956666666666667,0.0,0.05974000000000001,0.0,0.12,0.38,0.8,1.5,2.26,2.64,3.3,4.6,4.48,7.78,0.0
0.8,0,random,0.08273404208011925,717,0.6890976290097629,46.0,0.0,0.7780836820083682,57.8,0.7158901389808074,0.40213333333333334,12.064,1.0,0.0,0.06594000000000001,0.0,0.0,0.16,0.06,0.22,0.48,0.6,1.36,1.94,3.48,6.04,0.5742287308228731,34.2,0.4303713527851459,0.10073333333333333,3.022,1.0,0.0,0.083388,0.0,0.32,0.52,1.16,1.5,1.74,1.62,1.92,2.04,1.76,1.76,0.0
0.8,0,reciprocal_oracle,0.02733979094773531,4337,0.654227576665898,19.900000000000002,0.05011962456291025,0.7749213742218123,33.800000000000004,0.8689337946217959,0.6628,19.884,1.0,0.07737065576348483,0.08112,0.0,0.08,0.44,0.58,1.34,2.02,2.74,7.08,9.6,20.8,42.06,0.48956283145031126,6.0,0.6858491249245625,0.42393333333333333,12.718,1.0,0.032689599678133174,0.09292800000000001,0.0,1.46,3.44,6.34,8.44,8.6,10.18,12.6,12.42,12.76,10.5,5.011962456291025
0.8,0,gale_shapley,1.7448556248564273,1189,0.6847148864592094,43.7,0.0,0.6724423885618167,44.0,0.5612835083384805,0.5075386986530859,15.148,0.9948666666666667,0.0,0.05969200000000002,0.0,0.0,0.22,0.3,0.66,0.98,1.72,2.76,3.26,4.64,9.24,0.6959680403700589,43.4,0.31274782149458674,0.108490249949742,3.238,0.9948666666666667,0.0,0.059692000000000016,0.0,0.02,0.12,0.52,0.78,0.9,1.88,3.16,3.88,5.34,7.18,0.0
0.8,1,random,0.0904562920331955,806,0.6922307692307692,44.9,0.0,0.7749478908188585,55.800000000000004,0.7124714379514117,0.3978,11.934,1.0,0.0,0.06594400000000002,0.0,0.04,0.12,0.12,0.36,0.42,0.9,1.38,2.56,3.72,6.5,0.585955334987593,34.0,0.4256856041561924,0.10153333333333334,3.046,1.0,0.0,0.083116,0.0,0.26,0.6,1.0,1.62,1.46,2.52,1.8,2.34,2.34,2.18,0.0
0.8,1,reciprocal_oracle,0.041263666935265064,4596,0.665365317667537,17.8,0.04796589092201101,0.7856440382941688,30.4,0.8788258706467662,0.6702,20.106,1.0,0.058530875036581796,0.08353200000000001,0.0,0.14,0.34,0.74,1.4,1.88,3.4,6.0,11.94,21.86,44.22,0.4985639686684073,5.2,0.6978392519645877,0.4556,13.668,1.0,0.040783845618223416,0.09350000000000001,0.0,1.3,3.42,5.24,8.56,8.36,12.56,12.02,14.16,13.18,13.12,4.796589092201101
0.8,1,gale_shapley,1.7056717078667134,1224,0.6915637254901961,43.0,0.0,0.679045751633987,43.2,0.5763752913752914,0.49328949134344385,14.702,0.9934666666666667,0.0,0.059608000000000015,0.0,0.02,0.1,0.38,0.86,0.9,1.6,2.6,3.72,5.62,8.68,0.7030653594771242,42.8,0.2950583594068834,0.11515232854650383,3.432,0.9934666666666667,0.0,0.059608000000000015,0.0,0.0,0.14,0.36,0.82,1.04,2.44,2.54,4.0,5.26,7.88,0.0
0.8,2,random,0.07732504210434854,772,0.7015919689119171,47.199999999999996,0.0,0.802720207253886,60.0,0.7309440514469453,0.39866666666666667,11.96,1.0,0.0,0.066072,0.0,0.02,0.04,0.04,0.34,0.38,1.0,0.9,2.68,3.2,6.84,0.5675699481865285,34.4,0.41589698996655516,0.10366666666666667,3.11,1.0,0.0,0.08318400000000001,0.0,0.2,0.6,0.84,1.38,1.98,1.84,2.54,2.44,1.84,1.78,0.0
0.8,2,reciprocal_oracle,0.0373372919857502,4423,0.6603384580601401,20.200000000000003,0.048892878515858766,0.7953791544200769,34.599999999999994,0.8872019258000566,0.6432,19.296,1.0,0.0924667233078448,0.08336800000000003,0.0,0.1,0.42,0.54,1.1,1.98,4.12,4.52,12.58,19.16,43.94,0.46899615645489484,5.800000000000001,0.6622935323383085,0.4708,14.124,1.0,0.016998341625207296,0.092924,0.0,1.06,3.12,6.04,8.32,10.54,10.88,12.2,12.96,11.32,12.02,4.889287851585877
0.8,2,gale_shapley,1.7387845839839429,1172,0.6789564846416383,42.699999999999996,0.0,0.6694163822525597,42.8,0.5625434782608696,0.5056285178236398,15.092,0.9949333333333333,0.0,0.05969600000000002,0.0,0.02,0.2,0.3,0.56,1.12,2.08,2.36,3.24,5.3,8.26,0.6877610921501707,42.6,0.2955759342698118,0.11096220852318413,3.312,0.9949333333333333,0.0,0.05969600000000001,0.0,0.06,0.14,0.38,0.9,1.36,1.7,2.56,4.02,4.4,7.92,0.0
0.9,0,random,0.07657070900313556,667,0.7197811094452774,51.0,0.0,0.7920929535232384,60.8,0.7515685752330227,0.3908,11.724,1.0,0.0,0.06585600000000003,0.0,0.0,0.06,0.02,0.18,0.28,0.56,1.06,1.96,3.08,6.14,0.6258920539730135,41.199999999999996,0.43531013306038896,0.10013333333333334,3.004,1.0,0.0,0.08276000000000001,0.0,0.16,0.44,0.84,1.06,1.26,1.48,2.02,2.24,2.14,1.7,0.0
0.9,0,reciprocal_oracle,0.028714042156934738,4099,0.6876106367406685,24.4,0.06158178256611165,0.8106772383508173,41.4,0.8877635421573246,0.6644666666666666,19.934,1.0,0.08871094363322343,0.08116000000000001,0.0,0.04,0.18,0.22,0.7,1.32,1.8,4.7,8.12,19.74,45.16,0.5110988045864845,7.3999999999999995,0.7291455804153707,0.4246,12.738,1.0,0.04424601183906893,0.093208,0.0,1.1,2.36,5.14,7.62,7.84,8.76,12.42,12.72,13.08,10.94,6.158178256611166
0.9,0,gale_shapley,1.819440291961655,985,0.7430335025380711,53.0,0.0,0.7260568527918781,51.800000000000004,0.633171686746988,0.48165045286816505,14.358,0.9936666666666667,0.0,0.05962000000000002,0.0,0.0,0.02,0.14,0.24,0.58,1.12,1.88,2.56,4.16,9.0,0.7586984771573604,54.2,0.34097311603287367,0.08909761824890976,2.656,0.9936666666666667,0.0,0.05962000000000002,0.0,0.0,0.04,0.18,0.36,0.46,1.2,2.26,3.12,4.7,7.38,0.0
0.9,1,random,0.08217604202218354,729,0.7331467764060356,51.7,0.0,0.8219451303155006,64.2,0.7480627450980392,0.391,11.73,1.0,0.0,0.065972,0.0,0.0,0.06,0.02,0.3,0.2,0.52,0.94,1.86,3.74,6.94,0.6130836762688614,39.2,0.444706905370844,0.102,3.06,1.0,0.0,0.08281200000000001,0.0,0.14,0.42,0.84,1.3,1.3,1.86,1.9,2.7,2.14,1.98,0.0
0.9,1,reciprocal_oracle,0.03349804203025997,4280,0.6939771028037384,23.0,0.06965733562170799,0.8167476635514018,38.6,0.8971681957186545,0.6686666666666666,20.06,1.0,0.08606378331148973,0.08308400000000002,0.0,0.04,0.14,0.26,0.84,1.0,2.34,4.62,9.6,20.12,46.64,0.5169074766355141,7.3999999999999995,0.7457056829511466,0.4578,13.734,1.0,0.0584247258225324,0.09341600000000001,0.0,0.86,2.64,4.58,6.82,7.06,11.02,11.94,14.18,13.14,13.36,6.965733562170799
0.9,1,gale_shapley,1.7648585001006722,1035,0.7401217391304348,51.300000000000004,0.0,0.728848309178744,50.2,0.6348943758573388,0.4663668098818475,13.894,0.9930666666666667,0.0,0.05958400000000002,0.0,0.02,0.04,0.14,0.38,0.5,1.14,1.96,2.94,4.8,8.78,0.7508077294685991,52.400000000000006,0.3220426083201382,0.09787862513426424,2.916,0.9930666666666667,0.0,0.05958400000000002,0.0,0.0,0.08,0.24,0.42,0.62,1.38,1.76,3.52,4.54,8.14,0.0
0.9,2,random,0.09795737499371171,736,0.7335951086956521,51.4,0.00013061650992685477,0.8419619565217391,65.8,0.7564479166666667,0.408,12.24,1.0,0.0,0.06600400000000001,0.0,0.0,0.02,0.06,0.12,0.2,0.54,0.84,2.08,3.0,7.86,0.5773586956521739,37.0,0.4441346405228758,0.1024,3.072,1.0,0.0001633986928104575,0.08376800000000001,0.0,0.12,0.38,0.86,1.26,1.58,1.7,2.3,2.38,1.74,2.4,0.013061650992685477
0.9,2,reciprocal_oracle,0.031166750006377697,4133,0.6928325671425115,25.3,0.06385492350404631,0.8282976046455359,42.8,0.9021762977473066,0.6521333333333333,19.564,1.0,0.11865118231425772,0.08313600000000003,0.0,0.04,0.14,0.3,0.48,1.1,2.62,3.62,9.58,18.0,46.78,0.4926256956206146,7.8,0.7114909016561031,0.47646666666666665,14.294,1.0,0.02381925986505827,0.09372000000000001,0.0,0.72,2.22,4.26,6.58,9.84,10.2,11.9,13.14,11.24,12.56,6.385492350404631
0.9,2,gale_shapley,1.7833045420702547,983,0.73364496439471,50.7,0.0,0.7266795523906409,50.8,0.6292946428571429,0.4819212450526598,14.368,0.9938,0.0,0.059628000000000014,0.0,0.0,0.04,0.1,0.3,0.66,1.2,1.84,2.72,4.52,8.28,0.7400264496439471,50.6,0.3225206013363029,0.09015898571141075,2.688,0.9938,0.0,0.059628000000000014,0.0,0.0,0.04,0.14,0.36,0.82,1.22,2.0,3.4,3.66,8.02,0.0
