mode,w,seed,ranker,seconds,matches,gini_matches,zero_match_pct,dead_like_share,a_gini_matches,a_zero_match_pct,a_gini_likes_received,a_like_rate,a_likes_sent_per_user,a_views_per_user_day,a_dead_like_share,a_exposure,a_u_decile_0,a_u_decile_1,a_u_decile_2,a_u_decile_3,a_u_decile_4,a_u_decile_5,a_u_decile_6,a_u_decile_7,a_u_decile_8,a_u_decile_9,b_gini_matches,b_zero_match_pct,b_gini_likes_received,b_like_rate,b_likes_sent_per_user,b_views_per_user_day,b_dead_like_share,b_exposure,b_u_decile_0,b_u_decile_1,b_u_decile_2,b_u_decile_3,b_u_decile_4,b_u_decile_5,b_u_decile_6,b_u_decile_7,b_u_decile_8,b_u_decile_9
classroom,0.1,0,random,0.0807735831476748,4633,0.47709151737535077,4.3,0.03476625866391388,0.5337021368443773,6.800000000000001,0.5133628122109158,0.397419945105215,43.438,9.936363636363636,0.0016651248843663274,0.23852000000000004,5.04,8.76,6.96,8.78,8.3,9.92,13.08,9.74,12.14,9.94,0.4140932441182819,1.7999999999999998,0.28183756158202494,0.09827272727272728,10.81,10.0,0.04300382153874488,0.29364,11.58,11.44,12.36,11.7,9.32,9.98,8.04,7.42,6.3,4.52
classroom,0.1,0,popularity,0.15476916590705514,2816,0.6507887073863636,20.9,0.7995716623351622,0.7033892045454545,28.999999999999996,0.8374015530629854,0.5665399958406594,59.932,9.616909090909092,0.7532355478861087,0.22022800000000003,2.3,5.84,3.3,5.38,3.24,5.98,9.04,6.64,8.16,6.44,0.5880909090909091,12.8,0.7829238470266302,0.21095356837334595,23.18,9.989272727272727,0.8174931589134352,0.23708,4.04,4.72,6.5,6.44,6.44,7.16,5.34,5.02,6.04,4.62
classroom,0.1,0,elo,0.09503283398225904,3717,0.5361894000538069,9.4,0.031831690911934926,0.5526924939467313,10.6,0.44709390444810543,0.38064089372335735,41.432,9.895272727272728,0.006589785831960461,0.22573200000000002,3.46,6.68,5.16,7.68,5.74,8.16,10.4,8.12,10.18,8.76,0.5182130750605327,8.200000000000001,0.20322436763854027,0.08829572522137571,9.712,9.999454545454546,0.03774860011585248,0.247272,7.5,8.36,8.28,9.6,7.76,8.86,6.84,6.7,6.22,4.22
classroom,0.1,0,one_sided_oracle,0.07388862501829863,9470,0.4594008447729673,1.7000000000000002,0.2786488316965797,0.5044304118268216,3.0,0.5722089918674237,0.8273962848945572,79.018,8.682,0.21006598127972995,0.24694400000000002,9.92,17.36,14.34,18.9,17.56,20.58,25.78,19.66,23.32,21.98,0.40971615628299896,0.4,0.5128957452732289,0.36412567746261154,39.102,9.762363636363636,0.31258700549241947,0.299124,21.78,22.74,24.78,24.56,19.42,20.78,16.7,15.46,13.5,9.68
classroom,0.1,0,reciprocal_oracle,0.07165637495927513,10704,0.4603095104633782,1.0999999999999999,0.12189382154680707,0.511313153961136,2.0,0.5712171736137188,0.6516241011653856,68.328,9.532545454545454,0.08549255225935662,0.23828000000000002,11.18,20.74,16.46,21.3,19.34,22.84,29.58,21.88,26.74,24.02,0.40391554559043347,0.2,0.3554968973188151,0.29310439711628417,31.956,9.911454545454545,0.13891815946610467,0.27400800000000003,27.38,27.02,28.64,28.14,21.84,22.4,18.3,16.68,13.96,9.72
classroom,0.1,1,random,0.14505545794963837,4908,0.4708492257538712,4.5,0.030090083355137742,0.5311532192339038,7.000000000000001,0.49107433881343815,0.38744826575834157,42.314,9.928363636363637,0.0030378842030021444,0.23908000000000001,8.78,7.48,8.66,10.44,7.64,10.38,10.8,11.38,11.58,11.02,0.40250448247758763,2.0,0.28506697546911186,0.10175285475307295,11.192,9.999272727272727,0.037245356146901734,0.29247999999999996,12.2,12.48,10.88,12.56,10.94,10.12,8.58,8.2,6.62,5.58
classroom,0.1,1,popularity,0.11364424997009337,3089,0.6572981547426352,20.599999999999998,0.7988446914302427,0.7009653609582389,26.6,0.8293266802084254,0.5598062680210316,59.41,9.647818181818181,0.7369071800759516,0.221336,5.34,4.44,4.3,5.24,4.72,5.9,6.68,7.44,8.82,8.9,0.605898996438977,14.6,0.783890725467093,0.20598883006785643,22.646,9.994363636363637,0.8224541323009594,0.23595600000000003,5.2,5.82,5.92,6.68,7.56,7.16,5.98,6.24,5.34,5.88
classroom,0.1,1,elo,0.09703700011596084,4129,0.5410365705982078,9.1,0.03476757587399155,0.561435214337612,9.4,0.43220770392749247,0.3819963889605365,41.468,9.868727272727273,0.0056646525679758305,0.226096,7.14,7.04,6.58,8.18,6.8,8.2,8.78,9.28,10.18,10.4,0.5187585371760717,8.799999999999999,0.226875856081798,0.09630141469978543,10.592,9.998909090909091,0.04220121539500338,0.24674000000000001,9.5,8.52,8.6,10.8,8.52,8.56,8.54,7.18,6.0,6.36
classroom,0.1,1,one_sided_oracle,0.06702316598966718,10265,0.4573947394057477,1.4000000000000001,0.27417560186121787,0.5016898197759376,2.0,0.5455165796669152,0.8181704339114645,78.402,8.711454545454545,0.19492915734526473,0.250592,17.96,16.14,18.38,21.26,16.26,21.44,24.16,22.36,23.62,23.72,0.4073603507062835,0.8,0.5294422591260427,0.37404466593525115,40.23,9.777636363636363,0.3148389071707354,0.299064,24.32,24.36,23.46,26.82,21.76,22.44,18.54,17.04,14.06,12.5
classroom,0.1,1,reciprocal_oracle,0.06336462497711182,11625,0.4582770752688172,1.0999999999999999,0.11035687348656266,0.5164426666666667,1.4000000000000001,0.567222651533446,0.6449139936687135,67.636,9.534181818181818,0.08005312726394591,0.240048,21.12,18.24,20.32,24.58,18.92,24.2,26.12,25.44,27.04,26.52,0.39041496774193546,0.8,0.3594701046779821,0.303898724887625,33.128,9.91,0.12519959784730025,0.27541200000000005,30.46,28.98,26.14,30.48,24.7,24.56,20.84,18.66,14.88,12.8
classroom,0.1,2,random,0.07979708397760987,4552,0.476804920913884,5.8999999999999995,0.03950884795955219,0.5530325131810193,9.0,0.519884042739534,0.40222144961481454,43.962,9.936181818181819,0.0035032404974601507,0.239436,9.16,8.64,7.54,7.46,8.72,10.1,8.22,11.86,9.64,9.7,0.3888594024604569,2.8000000000000003,0.2895832764660389,0.1038,11.418,10.0,0.048860379418588784,0.29401599999999994,13.74,10.74,11.18,10.58,11.22,8.94,7.84,6.64,5.3,4.86
classroom,0.1,2,popularity,0.15067562484182417,2895,0.6593105354058721,22.6,0.8084728973254395,0.7295205526770293,31.4,0.8416109402277828,0.5978281577443323,62.76,9.543636363636363,0.7504364452572949,0.21912399999999999,5.06,5.34,4.62,3.96,6.24,4.12,3.88,8.86,9.28,6.54,0.5717381692573402,13.8,0.7842859145952836,0.21911145922512248,24.058,9.981636363636364,0.8307202039515615,0.23574400000000004,6.82,4.84,6.02,6.2,7.72,5.84,5.0,5.18,4.16,6.12
classroom,0.1,2,elo,0.09888183302246034,3720,0.5308631720430107,9.5,0.0349283569609669,0.5632236559139785,12.2,0.44090727017824954,0.392416014726185,42.636,9.877272727272727,0.002403364710594833,0.22542,6.04,6.62,6.6,5.0,7.26,8.08,7.0,9.68,9.38,8.74,0.4955806451612903,6.800000000000001,0.2082315414203959,0.09079007182471134,9.986,9.99909090909091,0.042546205084904774,0.24734,9.62,7.14,7.48,8.6,10.26,7.4,6.94,6.46,5.04,5.46
classroom,0.1,2,one_sided_oracle,0.06701349979266524,9187,0.46225187765320563,2.4,0.28993052649200635,0.5234546641994122,4.2,0.5734829639753979,0.823468938170069,78.498,8.666,0.2295714146246217,0.248756,15.58,17.12,15.52,15.74,16.56,19.72,18.18,22.84,22.28,20.2,0.3914873190377708,0.6,0.531421386532141,0.38210881689142556,40.972,9.747818181818182,0.32143494101760556,0.29796000000000006,24.56,20.88,22.52,21.58,23.56,18.32,16.76,13.52,11.26,10.78
classroom,0.1,2,reciprocal_oracle,0.06968800001777709,10627,0.46425435212195354,2.1999999999999997,0.11691876189522188,0.5311355980050814,4.0,0.5821205053449952,0.6357209373040157,66.902,9.56709090909091,0.09578474246841594,0.240148,18.14,20.12,18.08,18.28,20.02,22.42,20.38,27.64,24.9,22.56,0.38692180295473794,0.4,0.34008842784969057,0.30193108254323386,32.928,9.914363636363637,0.12732055842874654,0.274068,31.9,25.12,26.24,25.36,26.64,20.98,18.36,14.74,11.92,11.28
classroom,0.2,0,random,0.07437420799396932,4277,0.4838061725508534,5.0,0.03589476813317479,0.5466743044189852,8.4,0.5189568359003612,0.3963718239730541,43.306,9.932363636363636,0.0007606008746910059,0.23780400000000002,3.44,6.9,6.06,8.36,6.82,9.14,12.12,9.54,12.02,11.14,0.4133659106850596,1.6,0.28712113794855215,0.09561818181818182,10.518,10.0,0.04442802383041611,0.293408,9.42,10.36,11.1,10.74,8.26,10.2,7.66,6.92,6.28,4.6
classroom,0.2,0,popularity,0.11240037507377565,2621,0.6446505150705838,21.4,0.8104581321399128,0.7043288821060664,30.0,0.837408659290879,0.5885169282213019,61.952,9.569818181818182,0.756250544472515,0.219272,1.06,3.42,2.46,4.22,2.84,6.3,8.22,6.5,8.64,8.76,0.5717901564288439,12.8,0.7860716683884298,0.20886098981077147,22.958,9.992727272727272,0.8305462293388429,0.236376,2.78,4.2,5.84,5.6,5.66,6.62,5.42,5.04,6.1,5.16
classroom,0.2,0,elo,0.09541108296252787,3463,0.5287747617672538,9.3,0.029738459114542305,0.5474449898931563,11.799999999999999,0.4412378920418178,0.38034431440277805,41.402,9.895818181818182,0.002986985278429699,0.225664,2.82,5.1,4.74,6.38,5.16,7.42,9.84,8.38,10.0,9.42,0.5087675425931274,6.800000000000001,0.21321839524660643,0.08522747936138488,9.374,9.998909090909091,0.03579537220424134,0.24702000000000002,5.68,6.78,7.24,8.64,7.04,9.0,6.88,6.3,6.32,5.38
classroom,0.2,0,one_sided_oracle,0.07366158394142985,8813,0.4610866901168728,2.5,0.29341919217730533,0.5151551117667083,4.6,0.5789571892226058,0.8193097695756438,78.58,8.719090909090909,0.2113749935603524,0.24766400000000002,6.84,14.16,11.82,16.72,15.92,19.28,24.7,19.62,23.72,23.48,0.40035470327924655,0.4,0.5417736828709595,0.3608193765451605,38.822,9.781272727272727,0.33395265970984983,0.29567600000000005,16.78,19.02,21.76,22.44,18.8,20.28,16.88,15.68,14.02,10.6
classroom,0.2,0,reciprocal_oracle,0.07729954086244106,10071,0.45956707377618905,1.9,0.1211175719756063,0.5188106444245855,3.5999999999999996,0.5768059362172403,0.6358497723823976,67.044,9.585454545454546,0.08967477107672876,0.23942400000000003,8.06,17.08,13.88,19.0,17.56,21.52,28.72,22.3,27.24,26.06,0.39328309006056994,0.2,0.3530715351112702,0.28991212010252654,31.67,9.930909090909092,0.1359704074935863,0.274024,22.64,23.48,25.86,25.88,21.28,21.84,18.4,16.8,14.5,10.74
classroom,0.2,1,random,0.11254562507383525,4599,0.4763176777560339,4.8,0.03283615316117542,0.5350480539247663,7.3999999999999995,0.5024729170415692,0.391570123904171,42.79,9.934363636363637,0.0034191110311319055,0.23900000000000002,6.58,6.5,7.3,9.2,7.16,9.38,10.86,11.66,11.86,11.48,0.41020178299630355,2.1999999999999997,0.29601430240710447,0.10103636363636363,11.114,10.0,0.04047674690348212,0.292916,9.96,10.94,10.04,11.64,9.56,10.3,8.84,7.96,6.62,6.12
classroom,0.2,1,popularity,0.14797166688367724,3054,0.6571028159790439,21.099999999999998,0.798336748222249,0.6971984282907662,27.400000000000002,0.8303944779982744,0.5626658636201088,59.79,9.660181818181819,0.7364969801553063,0.22166400000000006,3.68,4.52,3.18,4.8,3.48,5.68,7.46,7.6,9.4,11.28,0.611381794368042,14.799999999999999,0.7864157216925908,0.21083077146963056,23.18,9.995090909090909,0.8223114233149356,0.23630400000000004,3.8,4.88,5.06,7.3,6.48,7.12,6.3,6.64,6.04,7.46
classroom,0.2,1,elo,0.08498337515629828,3756,0.5401421725239617,10.5,0.034110958635561656,0.5637848775292865,12.2,0.42946550009942336,0.37705551974956264,40.952,9.873636363636363,0.003778087094849871,0.22571200000000002,5.14,4.84,5.04,7.04,5.82,7.92,8.9,9.06,10.34,11.02,0.5140809371671992,8.799999999999999,0.22673588591521782,0.09144135134643708,10.058,9.999454545454546,0.04156085172885329,0.247012,6.88,6.48,7.42,9.44,7.6,8.38,7.96,7.12,6.68,7.16
classroom,0.2,1,one_sided_oracle,0.07718470902182162,9555,0.46535007849293564,1.7000000000000002,0.29298769116001494,0.5162652014652015,2.8000000000000003,0.5583862997187625,0.811675496000831,78.14,8.751818181818182,0.20223985536359984,0.250748,14.3,13.26,15.46,18.84,14.54,20.0,23.12,22.4,23.78,25.4,0.40714955520669804,0.6,0.5576321474276938,0.36974040925465146,39.824,9.791636363636364,0.3392372664448426,0.295168,18.8,20.72,20.84,25.22,20.7,21.76,18.28,17.06,14.54,13.18
classroom,0.2,1,reciprocal_oracle,0.07165954215452075,10957,0.4650098567126038,1.6,0.11025573849781342,0.529698822670439,2.6,0.573689268292683,0.6308104207807991,66.442,9.575272727272727,0.08408536585365854,0.24097200000000005,16.98,15.28,17.26,22.08,16.94,22.82,25.24,25.68,27.84,29.02,0.3889719813817651,0.6,0.3583125733722645,0.30048737586573343,32.8,9.923272727272728,0.12317510008729418,0.275284,24.7,25.68,23.82,29.18,23.6,24.12,20.46,18.68,15.44,13.46
classroom,0.2,2,random,0.12169816717505455,4288,0.4802595615671642,7.000000000000001,0.04029823604291689,0.5534981343283583,10.6,0.5282437653670531,0.3986286341195831,43.602,9.943636363636363,0.007376185458377239,0.239476,6.58,6.96,6.82,6.48,8.44,8.96,8.54,11.84,10.44,10.7,0.3962919776119403,3.4000000000000004,0.291854226870327,0.10352727272727273,11.388,10.0,0.04889683959451401,0.2935,10.32,9.48,9.86,10.1,11.34,9.26,8.08,7.04,5.44,4.84
classroom,0.2,2,popularity,0.11748841707594693,2792,0.6527732808022922,21.0,0.8103635314483555,0.7194398280802292,28.799999999999997,0.8403455187710507,0.5928519773151144,62.304,9.553818181818182,0.7605356115994414,0.219244,3.2,3.92,3.18,3.9,4.92,4.08,3.76,9.8,9.34,9.74,0.5714469914040115,13.200000000000001,0.7858509244992296,0.22156091878708456,24.346,9.989454545454546,0.8298343605546995,0.236104,5.0,3.82,5.02,5.7,7.26,5.96,6.22,5.9,4.34,6.62
classroom,0.2,2,elo,0.10025683417916298,3508,0.5226718928164196,10.0,0.03386591239201896,0.555612314709236,12.4,0.41331435592873234,0.3915683712713689,42.558,9.880545454545455,0.0020479213598197828,0.22538000000000002,4.66,5.48,5.54,4.98,6.14,7.46,7.2,9.22,9.64,9.84,0.4870957810718358,7.6,0.2117500822407068,0.08878666109060494,9.766,9.999454545454546,0.041167348089665864,0.247732,7.46,6.02,7.6,7.76,9.48,6.86,6.84,6.58,5.06,6.5
classroom,0.2,2,one_sided_oracle,0.06159829185344279,8581,0.46447069106164784,3.0,0.3081729230872868,0.5314748863768791,5.4,0.5822726377952756,0.8160412836369714,78.118,8.702545454545454,0.2330216535433071,0.24926800000000002,11.66,14.04,13.42,13.72,15.16,18.54,17.26,22.72,22.9,22.2,0.38654958629530356,0.6,0.5620222227911621,0.378243550128439,40.64,9.767636363636363,0.34726951534857525,0.29424800000000007,18.76,17.78,20.14,19.98,22.58,18.1,16.94,14.1,11.66,11.58
classroom,0.2,2,reciprocal_oracle,0.07932854094542563,10028,0.4637591743119266,2.5,0.1171878176716952,0.5369301954527324,4.3999999999999995,0.5892628346843527,0.6215429953150975,65.804,9.624727272727272,0.10077376565954312,0.24148000000000003,13.76,16.58,15.7,16.24,18.32,21.38,19.68,27.62,25.7,25.58,0.3786086956521739,0.6,0.3374498814661723,0.29831278509535236,32.568,9.924909090909091,0.12531153121390798,0.27427999999999997,25.92,22.18,24.14,23.82,25.74,20.82,18.34,15.24,12.36,12.0
classroom,0.3,0,random,0.07451625005342066,3959,0.4838163677696388,6.0,0.03857819204024264,0.5548002020712302,9.8,0.5385182094081943,0.39854236481166105,43.528,9.928909090909091,0.0030349013657056147,0.23777200000000004,2.26,5.64,4.42,6.6,6.1,7.54,11.58,9.64,12.16,13.24,0.40299318009598384,2.1999999999999997,0.29871659621393126,0.09585454545454546,10.544,10.0,0.0471880169086565,0.29318399999999994,7.74,8.1,9.4,9.46,8.46,9.48,7.5,7.28,6.78,4.98
classroom,0.3,0,popularity,0.0994836250320077,2590,0.6607239382239383,24.9,0.8113488718653223,0.7277513513513514,35.6,0.8373376329675852,0.5880300386861868,62.016,9.587636363636364,0.754837088533378,0.220336,0.86,2.76,1.68,3.62,2.82,5.76,8.46,6.02,9.32,10.5,0.5743861003861004,14.2,0.788626418988648,0.21727419971246065,23.878,9.990727272727273,0.8331075851393189,0.23618400000000003,2.28,3.62,3.86,5.0,5.7,6.92,5.48,6.62,7.02,5.3
classroom,0.3,0,elo,0.09102370799519122,3176,0.5268819269521411,11.200000000000001,0.029306819548570742,0.5482884130982367,14.6,0.4346779209240338,0.37558797589298837,40.882,9.895272727272728,0.002221235006663705,0.22522400000000004,1.7,4.1,3.66,5.22,4.42,6.32,9.14,7.9,9.94,11.12,0.5038010075566751,7.8,0.21667853823198474,0.0818560337460681,9.004,9.999818181818181,0.03527224695464997,0.246848,4.04,5.2,6.5,6.8,6.46,8.02,6.66,6.82,7.08,5.94
classroom,0.3,0,one_sided_oracle,0.07774249999783933,7966,0.4757840823499874,3.4000000000000004,0.3213478141702069,0.539780065277429,6.4,0.6032748829953198,0.8130179235290452,78.292,8.754363636363637,0.2216328653146126,0.24748,3.76,10.38,8.74,13.62,13.04,16.98,23.5,19.04,23.6,26.66,0.4017449158925433,0.4,0.5830718847391815,0.35656672414752183,38.46,9.805636363636363,0.3703315792162673,0.290324,11.92,15.2,18.4,19.8,16.88,19.54,16.36,15.9,14.28,11.04
classroom,0.3,0,reciprocal_oracle,0.06372633390128613,9205,0.4693272134709397,2.5,0.12439175257731959,0.538019989136339,5.0,0.5930196908472837,0.6204211677318402,65.818,9.644181818181819,0.09871079468924379,0.24112400000000003,4.88,12.58,10.62,15.64,14.68,18.9,27.0,21.9,27.52,30.38,0.39089907658881046,0.0,0.35718818560272264,0.2850222116597503,31.182,9.945636363636364,0.13655838828284056,0.274876,16.92,19.66,22.68,23.38,19.62,20.88,18.18,16.96,14.94,10.88
classroom,0.3,1,random,0.11024212487973273,4284,0.4896456582633053,6.0,0.033382954968366206,0.5603818860877684,9.6,0.5220475418692598,0.39034260496969475,42.634,9.929272727272727,0.0045020709526382135,0.2389,5.06,4.74,5.5,7.72,6.46,8.98,10.16,11.08,12.62,13.36,0.40793650793650793,2.4,0.30366327344373034,0.10096363636363637,11.106,10.0,0.04090631890040813,0.292544,7.9,9.42,8.6,10.8,9.24,10.24,8.7,8.08,6.32,6.38
classroom,0.3,1,popularity,0.13476787507534027,2712,0.6659716076696165,23.1,0.8129150181624674,0.7176740412979351,30.8,0.8356360287962498,0.59422024623803,62.55,9.569454545454546,0.7536413862380713,0.21956,1.62,2.52,2.1,3.66,3.14,4.6,7.34,7.18,9.54,12.54,0.6042743362831858,15.4,0.7908867146282974,0.21733435214496233,23.892,9.993818181818181,0.8355555555555556,0.23575200000000004,2.16,3.7,3.34,5.42,5.84,5.24,6.08,7.18,6.3,8.98
classroom,0.3,1,elo,0.08611958287656307,3550,0.5484067605633803,10.0,0.030915623642752795,0.5817735211267606,14.000000000000002,0.43966245599503,0.3773008393461935,40.996,9.877818181818181,0.002277904328018223,0.225584,3.7,4.18,4.08,6.1,5.88,6.48,8.64,8.7,10.28,12.96,0.5109160563380282,6.0,0.2273683286174261,0.08780798254386762,9.658,9.99909090909091,0.03766221094740951,0.247568,5.2,5.44,6.4,8.24,6.5,8.16,7.96,7.64,7.02,8.44
classroom,0.3,1,one_sided_oracle,0.08543329196982086,8695,0.4775339850488787,2.3,0.32478399427393106,0.5411668775158137,4.0,0.5881082448153768,0.8039714025952558,77.818,8.799272727272728,0.22210419828022257,0.250268,9.68,9.46,11.48,15.58,12.8,18.02,22.26,22.34,24.96,27.32,0.4027935595169638,0.6,0.597411138811072,0.3664232494347036,39.54,9.809818181818182,0.37695648821609395,0.289864,13.32,16.14,17.5,22.34,18.66,21.26,17.92,17.42,14.82,14.52
classroom,0.3,1,reciprocal_oracle,0.08002962497994304,10079,0.47434477626748683,1.9,0.1209371863927745,0.5483962694711777,3.2,0.5920698106201262,0.6162799471797774,65.338,9.638181818181819,0.09883648966456245,0.24248000000000003,11.5,11.2,13.18,18.46,15.24,20.68,24.12,25.76,29.06,32.38,0.38618454211727354,0.6,0.3664527839848174,0.2955767753265284,32.316,9.939272727272728,0.13186813186813187,0.275548,18.56,20.82,21.38,26.8,21.22,23.1,20.08,19.2,15.58,14.84
classroom,0.3,2,random,0.08388158399611712,3972,0.48958157099697885,7.3,0.04226017441860465,0.5778388721047332,12.2,0.5358014562244717,0.4006406149903908,43.778,9.933636363636364,0.006038003906943704,0.23908400000000002,3.94,5.06,5.08,5.58,7.52,8.42,7.7,11.88,11.02,13.24,0.38474018126888215,2.4,0.3042102425876011,0.10238181818181818,11.262,10.0,0.051578418383663026,0.29369999999999996,8.38,8.14,9.18,8.88,10.5,8.58,7.32,7.44,6.0,5.02
classroom,0.3,2,popularity,0.10353154200129211,2657,0.6615916447120813,23.200000000000003,0.8143828297296682,0.7268340233345879,30.8,0.8419325431548803,0.5999808996275428,62.824,9.51909090909091,0.7667647760719115,0.21860400000000002,1.8,2.74,3.12,3.12,3.94,4.36,3.76,8.66,9.84,11.8,0.5815031990967257,15.6,0.7917939640901567,0.22879659289458357,25.142,9.989818181818181,0.8334394498917611,0.235688,2.38,2.9,4.42,4.78,6.72,5.78,6.5,5.98,5.46,8.22
classroom,0.3,2,elo,0.09027575002983212,3236,0.5286378244746601,12.4,0.03704142947501581,0.5672187886279357,16.2,0.42334664005322686,0.38260629486471565,41.574,9.878181818181819,0.00332667997338656,0.22484400000000002,3.36,3.88,4.26,4.24,5.36,7.04,6.82,9.08,9.76,10.92,0.4860432632880099,8.6,0.22387290133256363,0.08198629016128152,9.018,9.999454545454546,0.04435464472987925,0.247072,5.18,4.42,5.92,6.7,8.88,6.74,7.16,6.68,6.0,7.04
classroom,0.3,2,one_sided_oracle,0.062412625178694725,7824,0.47874233128834354,4.5,0.33873614753404957,0.5571901840490797,8.200000000000001,0.6079830011431979,0.8113125091045305,77.972,8.73690909090909,0.24678164918733536,0.248696,7.6,10.04,10.2,10.88,13.44,16.82,16.2,22.52,23.74,25.04,0.3852014314928425,0.8,0.6043424819165855,0.37358413488320275,40.238,9.791636363636364,0.38618991432822036,0.28850400000000004,13.66,14.12,17.38,17.8,20.32,17.34,16.82,14.62,12.24,12.18
classroom,0.3,2,reciprocal_oracle,0.07406716607511044,9276,0.4736054333764554,3.5999999999999996,0.12193398187411657,0.556213885295386,6.800000000000001,0.6078143216080402,0.6052992835248322,64.376,9.668545454545454,0.10653266331658291,0.24281600000000003,9.54,12.12,12.12,13.4,16.24,19.42,18.74,27.6,27.16,29.18,0.3757593790426908,0.4,0.34264558220454827,0.29120175599048836,31.84,9.94,0.12955138560954393,0.274628,20.04,18.8,21.54,22.16,23.38,20.16,18.5,15.72,12.82,12.4
classroom,0.4,0,random,0.07479350012727082,3536,0.5040070701357466,9.3,0.03962834434120676,0.5835124434389141,15.2,0.5616953335904358,0.3954730928985746,43.226,9.936545454545454,0.003278056305437717,0.23751600000000003,1.08,3.48,3.14,4.88,4.9,7.2,9.96,8.84,12.36,14.88,0.41220927601809954,3.4000000000000004,0.31569657150788877,0.09429090909090909,10.372,10.0,0.048350529773747285,0.292764,5.08,6.64,7.96,8.34,7.42,8.96,7.8,6.88,6.68,4.96
classroom,0.4,0,popularity,0.11699712509289384,2347,0.6637388155091606,26.5,0.8235906959889475,0.7335091606305922,37.2,0.8433906762967827,0.6108181436050288,63.938,9.516,0.7696979645436638,0.21828000000000003,0.18,1.26,1.02,2.08,1.94,4.3,6.9,6.44,9.66,13.16,0.5722854708138049,15.8,0.7955363633519973,0.22168850072780205,24.368,9.992727272727272,0.8441302511808314,0.23525600000000002,1.28,2.2,2.92,3.88,4.2,6.56,5.42,6.68,7.1,6.7
classroom,0.4,0,elo,0.08940545818768442,2959,0.5423518080432579,14.299999999999999,0.026869537067011978,0.5780757012504224,20.200000000000003,0.4461271166782649,0.37483234424090983,40.802,9.895818181818182,0.002319647413593134,0.22522800000000004,1.0,2.58,2.64,4.16,3.94,5.88,8.5,7.76,10.5,12.22,0.5016039202433255,8.4,0.22706739865692857,0.07838181818181818,8.622,10.0,0.03205725209548552,0.247,3.2,4.02,5.28,5.32,5.56,7.72,6.62,7.44,7.42,6.6
classroom,0.4,0,one_sided_oracle,0.07632141700014472,7096,0.4991595264937993,6.2,0.3608836281054298,0.576814543404735,11.799999999999999,0.6400907177436329,0.8099043517866755,78.24,8.782181818181819,0.24163334034940012,0.24635200000000002,1.72,6.14,6.08,10.0,10.3,14.36,21.24,18.56,23.96,29.56,0.40600507328072155,0.6,0.6303709611451943,0.3516654330125833,38.008,9.825454545454546,0.41881390593047035,0.283296,8.08,11.18,15.08,16.46,15.84,17.96,16.2,15.54,14.4,11.18
classroom,0.4,0,reciprocal_oracle,0.07860570913180709,8310,0.48874344163658245,4.9,0.13595623816536925,0.5677102286401925,9.4,0.6227850418065706,0.6067160679110778,64.682,9.691818181818181,0.11514912107446178,0.24268800000000001,2.7,7.9,7.58,11.72,12.26,16.44,24.32,21.06,28.4,33.82,0.3965728038507822,0.4,0.3746175442936211,0.2773031000109541,30.378,9.95890909090909,0.1457283324572524,0.275936,11.86,15.28,19.48,20.42,18.44,19.72,18.1,16.68,15.14,11.08
classroom,0.4,1,random,0.07414949988014996,3966,0.5057647503782148,7.1,0.038699403769951485,0.5872728189611699,11.600000000000001,0.5465828144458281,0.3915400109869987,42.764,9.92909090909091,0.0019569471624266144,0.239112,3.42,3.46,4.0,6.12,5.56,8.06,9.12,10.92,12.94,15.72,0.40941099344427634,2.6,0.3263264428023571,0.10220185821560392,11.242,9.999818181818181,0.04835843232625573,0.29222000000000004,5.28,7.88,7.78,9.92,8.42,9.92,8.32,8.42,6.82,6.56
classroom,0.4,1,popularity,0.10955895809456706,2498,0.6792942353883107,24.5,0.8227167217212749,0.7372602081665333,32.2,0.8427696066840072,0.6136693671660043,64.234,9.515636363636364,0.7681090880428786,0.218236,1.0,1.12,1.16,2.68,2.98,4.14,5.56,7.04,9.62,14.66,0.6074027221777422,16.8,0.7969214434723044,0.23088262056414924,25.374,9.99090909090909,0.844288071737709,0.234596,1.3,1.88,2.38,4.46,5.18,5.12,6.08,6.84,7.68,9.04
classroom,0.4,1,elo,0.10049116588197649,3264,0.5635998774509804,11.200000000000001,0.034915350574479316,0.5994019607843137,14.2,0.4556500985329538,0.3692919327823894,40.128,9.878363636363636,0.0019706590759798557,0.22520800000000002,2.04,2.34,3.02,5.26,4.5,6.08,7.72,9.04,10.84,14.44,0.5215355392156863,8.200000000000001,0.23674242424242425,0.08303636363636363,9.134,10.0,0.04241427432216906,0.246572,3.24,4.24,5.0,6.58,5.88,7.32,7.64,8.16,7.5,9.72
classroom,0.4,1,one_sided_oracle,0.0778745838906616,7588,0.5049230363732209,4.0,0.3718233744912269,0.577434897206115,7.199999999999999,0.6308506778106208,0.8019485210642557,77.704,8.808545454545454,0.25609010294567325,0.24760000000000001,4.86,5.56,7.68,12.16,10.0,15.64,19.96,21.68,25.3,28.92,0.4185255666842383,0.8,0.6448395964171728,0.36316188854546466,39.244,9.823818181818181,0.43027385977555854,0.28218,8.06,12.0,13.78,19.14,16.34,18.82,16.7,16.84,15.18,14.9
classroom,0.4,1,reciprocal_oracle,0.07387395785190165,8988,0.4941784601691144,2.9000000000000004,0.13566629690868373,0.574456608811749,5.0,0.6302954631618854,0.6010496219103871,63.906,9.665818181818182,0.12409958296474156,0.243044,6.9,7.02,9.36,14.42,12.32,17.64,21.76,25.28,29.54,35.52,0.39780596350689806,0.8,0.3863957061934717,0.2892072658163079,31.652,9.949454545454545,0.14139517416205052,0.27649599999999996,12.38,16.64,17.68,23.38,19.38,21.54,18.98,18.9,15.8,15.08
classroom,0.4,2,random,0.07424774998798966,3630,0.5016691460055096,8.200000000000001,0.04382761139517896,0.5988969696969697,13.8,0.5631681291681292,0.39663404372084515,43.364,9.93909090909091,0.010705510705510705,0.23910000000000003,2.26,3.06,3.68,4.38,5.3,7.68,7.58,11.78,11.42,15.46,0.38453333333333334,2.6,0.3278173600221382,0.1036,11.396,10.0,0.05253205423853888,0.29275199999999996,5.86,6.96,7.74,8.58,8.98,7.74,7.54,7.16,6.22,5.82
classroom,0.4,2,popularity,0.10546216601505876,2364,0.6761243654822335,26.200000000000003,0.8299724517906336,0.75517089678511,38.0,0.8455872776605367,0.6155955211289209,64.214,9.482909090909091,0.7930358757913778,0.217144,0.88,1.52,1.84,1.7,3.18,2.66,3.92,9.04,9.52,13.02,0.5757157360406091,14.399999999999999,0.797102999345937,0.2416141603234148,26.536,9.984363636363636,0.8452362413180926,0.23470800000000003,1.42,1.82,2.74,3.6,5.28,5.18,5.8,6.66,6.06,8.72
classroom,0.4,2,elo,0.09760637511499226,2994,0.532999665998664,12.9,0.03503311786768813,0.5830046760187041,17.2,0.43651985226223455,0.3812834519671136,41.46,9.885272727272728,0.0018467220683287165,0.22496000000000005,1.6,2.86,2.94,3.84,4.46,6.46,6.62,8.88,9.66,12.56,0.47683366733466936,8.6,0.23816169802219006,0.07876506845579011,8.664,9.999818181818181,0.041968162083936326,0.247652,3.76,3.54,4.84,5.98,6.72,6.3,6.5,6.84,6.88,8.52
classroom,0.4,2,one_sided_oracle,0.07094991696067154,6944,0.500521745391705,5.1,0.3804667448540785,0.5943035714285714,9.8,0.6447180645485118,0.8079990032394717,77.82,8.755636363636363,0.2725995081062089,0.24669999999999997,4.2,5.78,6.88,7.64,10.78,14.78,14.64,22.14,24.46,27.58,0.38389688940092165,0.4,0.6499108712413262,0.3695261059074469,39.846,9.802727272727273,0.4356977640709329,0.281436,8.8,10.8,14.2,15.24,17.76,16.02,15.88,14.44,12.42,13.32
classroom,0.4,2,reciprocal_oracle,0.06697908416390419,8411,0.4899866841041493,4.3,0.13078581392399713,0.5842893829508976,8.200000000000001,0.6380361829532425,0.591384373655562,63.232,9.720181818181818,0.12670403873104855,0.24413200000000004,5.32,7.78,8.86,10.16,13.32,17.28,17.16,26.92,28.16,33.26,0.37520841754844847,0.4,0.35815966599190285,0.28686292783655865,31.396,9.949636363636364,0.1328125,0.276372,13.62,15.36,18.36,19.7,21.52,19.38,17.84,15.76,13.2,13.48
classroom,0.5,0,random,0.11272350000217557,3352,0.5275808472553699,11.200000000000001,0.045508581618248015,0.6243603818615752,20.599999999999998,0.592066155858718,0.3950795947901592,43.134,9.925272727272727,0.006540833489067464,0.23775600000000002,0.68,1.76,1.82,4.14,3.88,5.76,10.14,8.7,13.18,16.98,0.41171957040572793,1.7999999999999998,0.3498647934344137,0.0972909090909091,10.702,10.0,0.055176890619928594,0.29221600000000003,4.04,5.14,6.98,7.64,7.72,8.06,7.72,7.66,7.16,4.92
classroom,0.5,0,popularity,0.11537237511947751,2115,0.6930274231678487,30.4,0.8345208446128858,0.7683943262411348,44.0,0.8456865898058252,0.6334190922356194,65.982,9.469818181818182,0.7936893203883495,0.21706800000000004,0.08,0.58,0.46,0.94,1.28,2.88,6.54,5.78,9.0,14.76,0.5920898345153665,16.8,0.7997930950865387,0.24000582538411128,26.368,9.987636363636364,0.850838107362614,0.23455199999999998,0.8,1.66,1.98,2.44,3.3,5.1,4.88,6.94,8.0,7.2
classroom,0.5,0,elo,0.09178404090926051,2720,0.5690849264705883,16.7,0.0326911124922312,0.6100617647058824,23.400000000000002,0.47312926525529264,0.37031583597143486,40.24,9.878545454545455,0.0029887920298879204,0.22437600000000002,0.6,1.64,1.68,3.18,3.32,5.0,7.42,7.34,10.08,14.14,0.5188808823529412,10.0,0.2568298210735587,0.07300265464198698,8.03,9.999636363636364,0.0386182902584493,0.24673200000000003,1.94,2.76,4.28,3.82,4.7,6.96,6.52,7.66,8.32,7.44
classroom,0.5,0,one_sided_oracle,0.06573512498289347,6213,0.5325049090616449,9.5,0.4129478532369633,0.6244754546917753,18.6,0.6811034228152524,0.8068752973297205,78.02,8.790363636363637,0.2777807077685776,0.24416,0.58,2.88,3.58,6.52,7.26,11.28,18.88,17.52,23.92,31.84,0.41683019475293737,0.4,0.6800909510381953,0.3507009950800873,37.922,9.830181818181819,0.47864650089720584,0.274684,5.54,7.64,11.4,13.2,13.5,15.42,15.74,15.7,14.68,11.44
classroom,0.5,0,reciprocal_oracle,0.07847175002098083,7422,0.5195794933980059,7.000000000000001,0.15423855963990998,0.6097375370520075,13.600000000000001,0.6585019481391912,0.5937021117548121,63.538,9.729090909090909,0.1370415155179363,0.24414000000000005,1.22,4.34,4.78,8.5,9.28,13.22,21.7,20.08,27.9,37.42,0.4103934249528429,0.4,0.4016250432811861,0.27160764135968035,29.772,9.96490909090909,0.16229657842550915,0.275976,8.0,11.6,15.9,17.42,16.22,18.12,18.0,16.8,14.92,11.46
classroom,0.5,1,random,0.10165841714479029,3531,0.5381770036816765,10.299999999999999,0.04177837354781055,0.6275123194562446,17.599999999999998,0.5842497766660711,0.3892021529786533,42.518,9.931272727272727,0.009648025728068608,0.238628,1.42,1.96,2.76,4.72,4.34,6.28,8.32,10.04,12.7,18.08,0.4304248088360238,3.0,0.3451822757420387,0.10176363636363636,11.194,10.0,0.050237546450914904,0.291656,3.2,5.44,6.08,8.42,8.16,8.96,7.98,8.34,7.12,6.92
classroom,0.5,1,popularity,0.12221199995838106,2272,0.7005743838028169,29.299999999999997,0.8332116474832503,0.7621232394366197,37.6,0.8489747033803448,0.6373979052560776,66.334,9.460909090909091,0.7833743750466383,0.21712,0.64,0.58,0.74,1.72,1.76,3.3,5.1,6.72,9.3,15.58,0.6234947183098591,21.0,0.801801368830464,0.2440761314998634,26.802,9.982727272727272,0.853348207555703,0.23388000000000003,0.68,1.38,1.64,3.5,3.86,4.5,5.8,6.62,7.68,9.78
classroom,0.5,1,elo,0.09060866688378155,2963,0.5957721903476206,15.5,0.03549242110494492,0.6371846101923726,22.6,0.4667666899278902,0.3656209126245786,39.694,9.869636363636364,0.00209351011863224,0.22503200000000004,1.04,1.28,1.86,3.94,3.52,5.08,6.84,8.34,11.08,16.28,0.5486851164360446,8.4,0.2527044893434776,0.07816363636363637,8.598,10.0,0.0427268604826926,0.24672,2.1,2.94,3.94,5.38,5.0,6.9,6.42,8.3,8.22,10.06
classroom,0.5,1,one_sided_oracle,0.06670058285817504,6554,0.5418610009154715,6.800000000000001,0.4296077792450565,0.6262337503814465,12.2,0.679562388090244,0.8004873717035293,77.524,8.804181818181819,0.30413874251803347,0.24381600000000003,1.92,3.04,4.32,8.1,7.62,12.08,17.1,20.64,25.48,30.78,0.4378223985352456,1.4000000000000001,0.6938733811464837,0.3616265517177585,39.094,9.827818181818182,0.49287962437438726,0.27296800000000004,4.7,8.26,10.42,15.22,13.72,16.52,15.28,16.34,15.72,14.9
classroom,0.5,1,reciprocal_oracle,0.06407129112631083,7903,0.5274090851575352,4.7,0.16,0.6158980134126281,8.4,0.6701650203370134,0.5895702649564647,62.972,9.71,0.15772483698108336,0.243956,2.94,4.1,5.9,10.5,9.68,14.14,19.08,23.86,29.54,38.32,0.4186934075667468,1.0,0.4149996823985263,0.2827182126820721,30.978,9.96109090909091,0.16111922759321604,0.277716,7.16,12.1,14.06,20.4,17.64,19.82,17.76,18.16,15.88,15.08
classroom,0.5,2,random,0.07394679100252688,3415,0.5276571010248902,10.8,0.04676480162031176,0.6368439238653002,19.0,0.593934965034965,0.40116715145528054,43.858,9.938727272727272,0.012762237762237762,0.23910000000000003,1.14,2.06,2.4,3.26,4.74,6.72,6.7,11.42,12.4,17.46,0.3933628111273792,2.6,0.342472251356651,0.1040018909434717,11.44,9.999818181818181,0.05563409184185325,0.292996,3.86,5.36,6.66,7.48,8.86,8.26,7.94,7.46,6.26,6.16
classroom,0.5,2,popularity,0.10941274999640882,2255,0.6931760532150776,29.5,0.8348261663199898,0.7766075388026608,42.199999999999996,0.8450177737506099,0.6310933918838235,65.534,9.440181818181818,0.7999581794103297,0.21648,0.18,0.86,0.8,1.6,2.4,2.42,2.7,7.98,10.46,15.7,0.583190243902439,16.8,0.8005559862056337,0.2613106513186653,28.694,9.982545454545454,0.8500930814539018,0.23403200000000002,0.94,1.52,1.68,2.74,4.48,4.88,5.94,6.74,6.6,9.58
classroom,0.5,2,elo,0.09735270799137652,2697,0.5725639599555061,16.7,0.034940944881889764,0.627100482017056,23.400000000000002,0.4672732147209359,0.373416556193843,40.562,9.87490909090909,0.002680965147453083,0.22457600000000003,0.8,1.44,1.98,2.96,3.4,5.02,5.7,8.4,10.1,14.14,0.5098650352243234,10.0,0.2572187761944677,0.07460271282592094,8.206,9.999636363636364,0.041467383265124995,0.24732,2.1,2.6,3.48,4.9,5.66,5.12,6.12,7.08,7.02,9.86
classroom,0.5,2,one_sided_oracle,0.05885541602037847,6056,0.5333173712021136,8.3,0.4339747730595315,0.6357397622192866,15.4,0.689424192336589,0.8068976973069496,77.722,8.756545454545455,0.31700475832707237,0.243456,1.52,2.96,3.98,4.84,8.56,11.72,12.92,21.02,24.08,29.52,0.4036756935270806,1.2,0.6965546434728905,0.37003058103975534,39.93,9.81,0.49406860348421294,0.272868,4.92,7.68,10.54,12.56,14.88,14.02,15.12,14.08,13.06,14.26
classroom,0.5,2,reciprocal_oracle,0.0627579998690635,7529,0.5185304821357418,6.0,0.1506564269778617,0.6206988975959623,11.200000000000001,0.6759293754422075,0.5795482101885877,62.138,9.74709090909091,0.15964494757831094,0.24473200000000003,2.42,4.56,5.6,7.18,10.66,14.28,15.44,25.1,28.34,37.0,0.3920464869172533,0.8,0.3842721040265216,0.2837043795620438,31.094,9.963636363636363,0.14615855032347355,0.27779200000000004,8.14,11.62,15.08,17.24,19.52,17.9,17.5,15.82,13.54,14.22
classroom,0.6,0,random,0.08296995796263218,2968,0.5583237870619946,15.8,0.048449540946130305,0.6620350404312668,26.8,0.6322909880564603,0.3953752357238324,43.19,9.930727272727273,0.011943539630836048,0.238216,0.22,0.92,1.52,2.26,3.26,4.94,7.62,8.42,12.32,17.88,0.43040296495956876,4.8,0.3624112062977541,0.10047272727272727,11.052,10.0,0.057791155360037046,0.29208799999999996,2.14,4.02,5.06,6.8,6.08,7.76,7.66,7.3,6.52,6.02
classroom,0.6,0,popularity,0.10835124994628131,1970,0.7190553299492386,36.8,0.8403705795010142,0.7836020304568528,49.6,0.8506749386610586,0.6488242574257426,67.104,9.402181818181818,0.8051875219067648,0.21558000000000002,0.02,0.22,0.18,0.58,0.44,1.7,5.68,4.64,8.58,17.36,0.6294944162436549,24.0,0.806408559847401,0.25985499854269895,28.53,9.98109090909091,0.8553290414878397,0.233952,0.54,0.82,1.1,1.58,2.66,4.14,4.54,6.48,8.68,8.86
classroom,0.6,0,elo,0.08751708408817649,2480,0.6128387096774194,21.6,0.0382679180887372,0.6561290322580645,30.2,0.5015344418052257,0.3622170611221706,39.302,9.864,0.0026392187912377936,0.22408400000000003,0.32,0.6,0.84,1.92,2.4,3.82,6.26,7.04,10.06,16.34,0.5600322580645162,13.0,0.28617057656098926,0.06889842528275812,7.578,9.998909090909091,0.045137652027886624,0.24656,1.22,1.7,2.9,3.4,3.18,5.38,5.76,7.5,9.24,9.32
classroom,0.6,0,one_sided_oracle,0.06149333296343684,5365,0.5728389561975769,13.600000000000001,0.4718098846220079,0.6738590866728797,25.6,0.72441839903163,0.8088819875776397,78.138,8.781818181818181,0.32603547181727277,0.24070800000000003,0.14,0.98,1.76,3.34,4.46,7.88,15.22,15.58,24.0,33.94,0.4403522833178006,1.6,0.7244059996416596,0.35125891965837247,38.002,9.835272727272727,0.5427064936394584,0.26580400000000004,3.32,4.9,8.18,9.98,10.78,12.94,14.22,15.5,14.72,12.76
classroom,0.6,0,reciprocal_oracle,0.06361062498763204,6509,0.5558700261176832,10.7,0.17666557627303456,0.6542439698878476,20.200000000000003,0.6987744663438586,0.5810297295283511,62.384,9.760727272727273,0.17076996521857737,0.24494,0.44,2.0,2.7,5.22,6.56,10.08,18.04,18.18,27.32,39.64,0.4326762943616531,1.2,0.43995960502693,0.2673047124236624,29.326,9.973636363636365,0.17943703513721468,0.277168,4.66,7.72,12.0,14.28,14.16,16.04,17.26,16.48,15.06,12.52
classroom,0.6,1,random,0.0860112919472158,3179,0.5690418370556779,14.299999999999999,0.05151470261462114,0.6735810003145644,23.599999999999998,0.6246603375527426,0.39037345006318797,42.628,9.927090909090909,0.014064697609001406,0.23861600000000002,0.74,1.02,1.78,2.94,3.1,4.38,7.24,9.84,13.18,19.36,0.43688770053475934,5.0,0.36510800412874167,0.10341818181818181,11.376,10.0,0.0615088674110913,0.29026,2.0,4.64,5.18,7.52,6.86,7.96,7.48,8.38,6.92,6.64
classroom,0.6,1,popularity,0.10177866695448756,2083,0.7298079692750841,34.599999999999994,0.8439754317985078,0.7928132501200192,45.6,0.8536144253454668,0.6561282530777622,67.366,9.333818181818183,0.8110549376474553,0.213812,0.14,0.3,0.32,0.58,0.96,2.16,3.58,6.34,9.26,18.02,0.6475170427268363,23.599999999999998,0.8092527981474334,0.27053395579546285,29.67,9.970181818181818,0.858474601430989,0.232808,0.42,0.92,1.04,2.22,2.86,3.72,4.46,7.22,8.18,10.62
classroom,0.6,1,elo,0.09675687504932284,2635,0.6334307400379506,22.400000000000002,0.03246808510638298,0.677222770398482,30.0,0.5147451564828615,0.3587759538679784,38.948,9.86890909090909,0.0004967709885742673,0.22449200000000002,0.38,0.84,1.3,2.22,2.6,3.64,5.94,7.86,10.86,17.06,0.5824053130929792,14.799999999999999,0.27775762555201805,0.07320399294506973,8.052,9.999454545454546,0.03907774468522132,0.24623200000000003,1.12,2.14,2.5,3.9,3.46,5.34,5.46,8.34,9.16,11.28
classroom,0.6,1,one_sided_oracle,0.07241208315826952,5631,0.5869438820813354,11.1,0.4987271702174916,0.6805842656721719,19.400000000000002,0.7270982229237741,0.804734217550539,77.784,8.787090909090908,0.3621874840877845,0.2394,0.6,1.42,2.1,4.48,4.74,8.6,14.22,18.9,25.32,32.24,0.4660092345942106,2.8000000000000003,0.7378175460248895,0.3636582475372195,39.278,9.818909090909091,0.5676745860331174,0.262384,2.64,5.4,7.62,11.98,11.18,13.96,13.98,16.02,14.92,14.92
classroom,0.6,1,reciprocal_oracle,0.06437629205174744,6943,0.565996255221086,7.3999999999999995,0.19527786147819723,0.6591447501080224,12.4,0.7114686178861789,0.5804253253421461,62.174,9.738,0.20403252032520325,0.24388400000000005,1.22,2.2,3.36,6.56,6.86,10.78,16.52,21.92,28.98,40.46,0.44834250324067404,2.4,0.45517155080901983,0.280468450719641,30.75,9.96709090909091,0.19094798468813332,0.278284,4.04,8.38,10.72,17.18,15.14,18.08,16.66,17.82,15.58,15.26
classroom,0.6,2,random,0.0740847080014646,3069,0.5592447051156728,14.2,0.05373662908355016,0.6796291951775822,24.0,0.6300586779780841,0.402854790008235,44.028,9.935454545454546,0.012548603746907035,0.23879200000000003,0.5,1.04,1.64,2.34,3.34,5.38,5.42,10.12,12.06,19.54,0.4048022157054415,4.3999999999999995,0.36959662033251567,0.10287272727272727,11.316,10.0,0.06432270373398746,0.29291999999999996,2.52,4.06,5.36,6.62,7.94,7.38,7.6,7.5,6.28,6.12
classroom,0.6,2,popularity,0.10831875004805624,2104,0.7327680608365019,37.3,0.8465655305621504,0.8171007604562738,51.6,0.8483063271604938,0.6651085792190087,68.3,9.335454545454546,0.81372170781893,0.21436,0.1,0.2,0.26,0.46,1.62,1.78,2.04,7.94,9.92,17.76,0.6123136882129278,23.0,0.806828579795022,0.2836144798030455,31.104,9.97,0.8615226939970717,0.232624,0.28,0.78,1.26,2.26,3.12,4.16,5.22,6.68,7.36,10.96
classroom,0.6,2,elo,0.0988000831566751,2548,0.5956993720565149,19.7,0.04049531459170013,0.6588320251177394,28.4,0.49645868725868725,0.36945649164898037,40.038,9.851818181818182,0.003861003861003861,0.22413600000000006,0.46,0.82,1.38,2.06,2.68,4.3,4.96,7.68,10.42,16.2,0.5223249607535322,11.0,0.27814386332983665,0.07063764795723558,7.77,9.999818181818181,0.04760477546330986,0.246872,1.5,2.02,2.92,3.72,4.8,3.78,5.56,8.04,7.48,11.14
classroom,0.6,2,one_sided_oracle,0.05847095814533532,5271,0.5790686776702713,14.2,0.4936328443357783,0.692950483779169,25.4,0.7330536966539771,0.809498066286855,77.864,8.744363636363637,0.36435584051292325,0.23970000000000002,0.42,1.04,2.02,2.6,5.46,8.5,10.02,19.64,24.56,31.16,0.42748131284386265,3.0,0.7364546388574951,0.3700874981462257,39.928,9.808,0.5599249974314189,0.2636200000000001,2.6,5.5,7.7,9.3,12.52,12.1,13.86,14.04,13.18,14.62
classroom,0.6,2,reciprocal_oracle,0.06303404201753438,6653,0.5568161731549677,9.6,0.18058269289218878,0.6681704494213137,17.599999999999998,0.7198734210183617,0.5701975932253751,61.408,9.790545454545455,0.20276077614272692,0.24532800000000002,0.94,2.22,3.24,4.7,7.82,11.44,12.58,22.6,28.04,39.48,0.41425913121899893,1.6,0.42226628452318915,0.28016856084791214,30.716,9.966727272727272,0.1694893173527879,0.278928,4.42,8.36,11.68,14.36,17.08,16.6,16.46,16.02,13.56,14.52
classroom,0.7,0,random,0.09058466600254178,2733,0.590703988291255,19.0,0.05212548728420271,0.704997438712038,32.0,0.6647661067011261,0.39400875249482725,43.036,9.929636363636364,0.011814657559534798,0.23776000000000005,0.18,0.48,0.6,1.4,2.12,3.6,5.92,7.68,12.34,20.34,0.4453282107574094,6.0,0.39073092294822936,0.09849090909090909,10.834,10.0,0.06227344548749884,0.29105200000000003,1.72,3.06,4.08,5.42,6.28,6.68,7.7,6.84,7.0,5.88
classroom,0.7,0,popularity,0.10250445804558694,1983,0.7438582955118508,41.0,0.8479557922556361,0.8085153807362582,55.2,0.8587729494476063,0.685160179259868,70.022,9.290727272727272,0.8073652494141279,0.213172,0.0,0.12,0.08,0.18,0.4,1.58,4.08,4.16,8.78,20.28,0.6536369137670197,26.8,0.808589357630459,0.2724619173583873,29.87,9.966363636363637,0.8652709148553311,0.23238,0.3,0.64,0.88,1.54,2.08,2.64,4.94,7.04,9.3,10.3
classroom,0.7,0,elo,0.0908144589047879,2327,0.6502917920068758,27.200000000000003,0.043463143254520165,0.6953149978513107,37.2,0.5417658210203513,0.35863864677204904,38.842,9.845818181818181,0.003345413994981879,0.22368800000000003,0.06,0.42,0.58,1.04,1.8,3.04,5.12,6.38,9.8,18.3,0.5959957026214009,17.2,0.3114921991658514,0.06522766947919698,7.174,9.998545454545454,0.0508727665928634,0.24647999999999998,0.92,1.44,1.74,2.34,2.5,4.14,5.34,7.02,10.38,10.72
classroom,0.7,0,one_sided_oracle,0.07136625004932284,4765,0.6177565582371458,20.1,0.5365874523088504,0.7207374606505771,34.599999999999994,0.7631926749100015,0.8159780644357201,78.564,8.75290909090909,0.3806542494913132,0.23640000000000003,0.04,0.3,0.68,1.54,2.8,5.1,11.24,13.48,24.1,36.02,0.477004407135362,5.6000000000000005,0.7594336337253704,0.3547145368742482,38.334,9.824545454545454,0.6126724708517897,0.255676,1.76,3.08,5.98,7.98,8.66,10.66,13.16,15.2,15.06,13.76
classroom,0.7,0,reciprocal_oracle,0.06181633286178112,5880,0.5938178571428572,16.2,0.21141491437717894,0.6954734693877551,29.2,0.7412528711918025,0.5772096393601011,62.132,9.785636363636364,0.21325906058730487,0.24499200000000002,0.16,0.86,1.4,3.06,4.58,7.5,13.86,16.22,27.14,42.82,0.46308027210884356,3.2,0.48631017833000706,0.2651144982497083,29.082,9.972363636363637,0.21055172857786647,0.2775,2.62,5.02,9.34,12.26,12.16,14.3,16.48,16.44,15.26,13.72
classroom,0.7,1,random,0.07552199997007847,2839,0.6028326875660444,17.299999999999997,0.054450105999181764,0.7097435716801691,28.4,0.6568568356925282,0.3899840755587282,42.612,9.933272727272728,0.015409424834259094,0.238464,0.26,0.64,1.08,1.8,2.14,3.74,5.22,9.08,11.88,20.94,0.46742585417400495,6.2,0.390145874401577,0.10147272727272727,11.162,10.0,0.06467661691542288,0.2904880000000001,1.46,2.68,4.3,6.18,5.92,7.4,7.02,7.54,7.94,6.34
classroom,0.7,1,popularity,0.11522620799951255,2049,0.76300878477306,40.400000000000006,0.8542139003987178,0.8272083943387019,53.2,0.8560643377733099,0.6928353808353809,70.496,9.25,0.8245790399597889,0.21176,0.06,0.08,0.18,0.3,0.44,0.94,2.56,5.86,10.22,20.34,0.6752903855539287,27.6,0.8111030413073083,0.2903690730301206,31.832,9.966,0.8675953245574217,0.23176000000000002,0.24,0.62,0.74,1.36,1.94,2.82,4.94,7.42,9.16,11.74
classroom,0.7,1,elo,0.08514099987223744,2461,0.6636237301909793,24.9,0.03971293972614802,0.7045436814303129,32.2,0.5512091030789826,0.35032858303182457,37.956,9.849454545454545,0.0029451137884872825,0.22360800000000003,0.26,0.4,0.7,1.34,1.5,3.0,4.88,7.36,11.0,18.78,0.616330759853718,17.599999999999998,0.3113647381178206,0.06791156042037892,7.47,9.999636363636364,0.04694909895668669,0.2464,0.6,1.46,1.8,2.88,2.58,4.62,5.26,8.72,9.26,12.04
classroom,0.7,1,one_sided_oracle,0.06579374987632036,4763,0.6352164602141508,18.8,0.5702482148928936,0.7373961788788579,32.4,0.7670165958308035,0.812059465640919,78.112,8.744545454545454,0.42521756729407,0.23406799999999997,0.12,0.32,0.7,1.74,2.26,5.5,10.02,16.98,24.86,32.76,0.4971937854293513,5.2,0.770764645637034,0.36633241274489814,39.528,9.809272727272727,0.6436399016796395,0.25175200000000003,1.48,3.22,5.26,8.22,8.24,11.34,12.2,15.64,14.98,14.68
classroom,0.7,1,reciprocal_oracle,0.06635358300991356,6048,0.608749007936508,13.0,0.23324825885711814,0.7056164021164021,20.8,0.7523166732257641,0.5772727272727273,61.976,9.76,0.25095106913288734,0.24368800000000002,0.38,0.86,1.8,3.84,4.18,7.78,12.86,19.46,28.12,41.68,0.48327579365079365,5.2,0.5007449335226539,0.27797327109960435,30.492,9.972181818181818,0.2245385310442752,0.278356,2.16,5.1,8.02,13.0,12.56,16.44,15.54,17.58,15.66,14.9
classroom,0.7,2,random,0.07314674998633564,2811,0.6003842049092849,18.9,0.051767951789733535,0.7234471718249733,31.6,0.6694760582928522,0.3986529768114351,43.564,9.934363636363637,0.01995142262317835,0.238916,0.22,0.68,0.92,1.48,2.26,3.88,4.6,9.46,11.6,21.12,0.43974315190323726,6.2,0.3840510513267836,0.1048,11.528,10.0,0.060187310623450556,0.29243600000000003,1.26,2.78,4.6,5.9,7.34,6.9,7.6,7.06,6.12,6.66
classroom,0.7,2,popularity,0.10505641694180667,2002,0.7520064935064935,41.099999999999994,0.8520470918994905,0.8307672327672327,55.400000000000006,0.8525557646773116,0.6816674840608141,69.496,9.268181818181818,0.8282435796247951,0.21227600000000002,0.04,0.14,0.12,0.32,0.72,1.06,1.46,6.04,10.3,19.84,0.6395904095904096,26.8,0.8084101531023368,0.300994115712145,32.942,9.949454545454545,0.8633302636122943,0.23167600000000002,0.2,0.68,0.9,1.28,2.08,2.88,5.34,6.8,7.74,12.14
classroom,0.7,2,elo,0.10639970796182752,2361,0.6473583227445997,25.3,0.039171002278883774,0.7055798390512494,34.599999999999994,0.5491355555555556,0.3628292448825147,39.314,9.850363636363637,0.002777777777777778,0.22396800000000003,0.12,0.6,0.64,1.04,2.14,2.78,4.22,6.82,10.38,18.48,0.5793756882676832,16.0,0.2961388818232691,0.065459306131355,7.2,9.999272727272727,0.04583608892506486,0.24671600000000002,0.66,1.48,1.9,2.96,3.6,3.32,4.94,7.86,8.32,12.18
classroom,0.7,2,one_sided_oracle,0.06617108290083706,4650,0.6249451612903226,19.900000000000002,0.5552876915555406,0.7419045161290323,34.8,0.7717589956504547,0.8159367041042128,78.17,8.709454545454545,0.41844602609727166,0.23520800000000003,0.14,0.42,0.66,1.14,2.88,5.26,7.4,17.44,24.42,33.24,0.4632421505376344,5.0,0.7660380708711783,0.37561265409178674,40.464,9.793454545454546,0.6261225534092363,0.254108,1.28,3.42,5.44,7.26,9.74,10.2,12.74,14.42,13.46,15.04
classroom,0.7,2,reciprocal_oracle,0.06341458298265934,5937,0.5956065352871821,15.1,0.21395838358146776,0.7077618325753747,26.0,0.7591244227470643,0.565042309976247,60.898,9.797818181818181,0.2476580023749835,0.24480000000000002,0.28,1.28,1.6,2.98,5.24,8.48,10.06,20.12,27.12,41.58,0.4491807310089271,4.2,0.4685954218529344,0.27639904451049396,30.316,9.97109090909091,0.19718217347039313,0.27938,2.28,5.46,8.8,11.72,14.62,15.12,15.84,16.3,13.8,14.8
classroom,0.8,0,random,0.08334395801648498,2513,0.6262594508555511,23.1,0.05944703876658513,0.7444623955431755,38.0,0.6943300647548566,0.3949950572987222,43.154,9.932,0.026271970397779832,0.237656,0.04,0.4,0.42,0.96,1.34,2.48,4.78,6.08,11.92,21.84,0.4713131715081576,8.200000000000001,0.41218009917968207,0.09827272727272728,10.81,10.0,0.06775733419845205,0.290932,0.9,2.38,3.76,4.9,5.06,6.06,7.14,7.16,6.84,6.06
classroom,0.8,0,popularity,0.11474833311513066,1931,0.7743557742102537,46.9,0.8550092621179376,0.8350357327809426,61.4,0.8626245740132598,0.7061302833623555,71.37,9.188363636363636,0.8258256397546316,0.210592,0.0,0.06,0.02,0.12,0.22,0.48,2.14,3.54,8.92,23.12,0.6863003625064733,32.4,0.8124915790948578,0.2950618863923067,32.278,9.944909090909091,0.8682079305030125,0.23104000000000002,0.12,0.56,0.68,0.94,1.34,2.18,4.08,7.64,9.92,11.16
classroom,0.8,0,elo,0.08779391692951322,2202,0.688335603996367,33.0,0.04516243407348314,0.7327756584922798,42.8,0.5824313844289609,0.35678298881232867,38.524,9.816,0.003029385034837928,0.22282000000000005,0.04,0.14,0.18,0.8,1.48,1.92,4.36,5.7,9.16,20.26,0.6347429609445958,23.200000000000003,0.3450605336932821,0.06002800458256806,6.602,9.998363636363637,0.052382930121482714,0.24590800000000002,0.5,1.08,1.48,2.0,1.92,3.5,4.58,6.14,10.96,11.88
classroom,0.8,0,one_sided_oracle,0.05670437519438565,4228,0.6627190160832545,25.5,0.6024184496071295,0.765515610217597,41.8,0.7960900714359664,0.8253543504620144,78.96,8.697090909090909,0.44756185940573556,0.23044,0.0,0.1,0.12,0.48,1.12,2.6,7.54,11.86,23.54,37.2,0.5142544938505204,9.2,0.7846878419452887,0.3582582248432922,38.636,9.804,0.6781914893617021,0.24620000000000003,0.82,1.96,4.42,6.22,7.18,8.92,11.6,14.2,15.36,13.88
classroom,0.8,0,reciprocal_oracle,0.06003570789471269,5300,0.6334483018867925,20.4,0.25035211267605634,0.735171320754717,34.2,0.7783836147246056,0.575290077044463,61.976,9.793636363636363,0.2635621367284805,0.244092,0.02,0.36,0.6,1.7,2.72,4.94,10.82,14.46,25.9,44.48,0.4982709433962264,6.6000000000000005,0.5355664128049568,0.2633621867881549,28.904,9.977272727272727,0.24419129985800955,0.27750400000000003,1.22,3.5,7.4,10.08,10.16,12.6,15.62,16.02,15.5,13.9
classroom,0.8,1,random,0.0796997498255223,2707,0.6414396010343554,22.1,0.06530253669607233,0.7538803103066125,36.0,0.6936296551724138,0.39397656536067377,43.038,9.930909090909092,0.027586206896551724,0.23882,0.06,0.32,0.58,1.24,1.66,2.56,4.54,7.76,12.12,23.3,0.49301736239379385,8.200000000000001,0.4109626841395976,0.10545454545454545,11.6,10.0,0.07546819090106417,0.290264,0.96,2.14,3.32,5.1,5.46,7.48,6.96,8.08,7.4,7.24
classroom,0.8,1,popularity,0.10922800004482269,1997,0.7808993490235353,44.7,0.8577618688771665,0.8375473209814722,56.599999999999994,0.8606290036638695,0.7185754883841093,72.316,9.148909090909092,0.8250206831343813,0.209964,0.02,0.04,0.16,0.2,0.26,0.7,1.92,5.16,9.38,22.1,0.7039609414121182,32.800000000000004,0.8138565186127551,0.30928098841247215,33.844,9.948,0.8730847945129708,0.23059200000000002,0.2,0.38,0.46,1.04,1.68,2.62,3.82,7.02,9.92,12.8
classroom,0.8,1,elo,0.10089158290065825,2299,0.7045650282731623,32.4,0.047824136384028715,0.7403732057416268,38.800000000000004,0.5884877376687793,0.3450054539740058,37.322,9.834363636363637,0.003031138054560485,0.22373600000000005,0.1,0.14,0.4,0.84,1.24,1.96,3.88,6.24,10.9,20.28,0.6632683775554589,26.0,0.34067316864048014,0.0659854173864029,7.258,9.999454545454546,0.05653501955950914,0.245724,0.4,0.68,1.14,2.18,2.1,3.72,4.16,7.36,10.86,13.38
classroom,0.8,1,one_sided_oracle,0.06756129208952188,4212,0.67666452991453,26.200000000000003,0.6319262101932269,0.7764700854700854,44.0,0.7977413904487403,0.8217221257816911,78.578,8.693272727272728,0.4881975848531531,0.22849199999999997,0.02,0.06,0.18,0.48,1.08,3.22,6.94,14.42,24.3,33.54,0.5372801519468187,8.4,0.7916047239685408,0.3736237211979428,40.246,9.792545454545454,0.7055409911171066,0.24268,0.92,2.02,3.68,6.08,6.08,9.16,10.48,14.68,15.72,15.42
classroom,0.8,1,reciprocal_oracle,0.0624504170846194,5487,0.644149079642792,17.8,0.27461654785050765,0.74214361217423,28.000000000000004,0.7839559413428027,0.5783098906005805,62.166,9.772363636363636,0.2996646281317814,0.242704,0.12,0.32,0.9,2.18,2.94,5.52,9.82,17.24,27.12,43.58,0.5146240204118826,7.6,0.5447212302544799,0.2771712384944865,30.414,9.975454545454545,0.2623620628639449,0.277688,1.26,3.48,5.78,10.44,10.52,15.14,14.62,16.92,15.94,15.64
classroom,0.8,2,random,0.07812358299270272,2560,0.6370984375,24.3,0.054751803908771164,0.7664671875,38.800000000000004,0.7062809830922084,0.39967794470164136,43.684,9.936181818181819,0.02388007669513683,0.23869600000000002,0.08,0.26,0.36,0.84,1.38,3.14,3.26,6.96,11.12,23.8,0.462190625,9.8,0.4017476421573116,0.1043090909090909,11.474,10.0,0.06286054390623569,0.292368,0.56,1.92,3.58,5.08,6.62,6.08,7.54,7.2,6.4,6.22
classroom,0.8,2,popularity,0.10018512513488531,1969,0.774074657186389,45.2,0.8557454442451138,0.8450167597765363,59.0,0.8574629341627786,0.706791104050834,71.188,9.156363636363636,0.8295029088186164,0.21018400000000004,0.02,0.0,0.06,0.2,0.3,0.86,1.0,4.86,10.44,21.64,0.6744692737430168,31.4,0.81285373939428,0.31784478497281266,34.722,9.931090909090909,0.8685452604371523,0.23067200000000002,0.0,0.42,0.62,1.22,1.64,2.72,4.34,7.52,8.32,12.58
classroom,0.8,2,elo,0.09299416583962739,2204,0.6869941016333938,31.6,0.0397737316598904,0.7450544464609801,42.199999999999996,0.5937209026128266,0.3563894748528922,38.52,9.825818181818182,0.004156769596199525,0.222944,0.0,0.22,0.24,0.5,1.2,2.56,3.28,6.28,9.9,19.9,0.6180199637023593,21.0,0.3249389408099688,0.06124527203956939,6.736,9.998545454545454,0.04600207684319834,0.24669600000000003,0.32,0.82,1.22,2.24,3.02,2.98,4.4,7.16,9.14,12.78
classroom,0.8,2,one_sided_oracle,0.06141612492501736,4074,0.6649565537555229,26.6,0.6155247630668428,0.7831104565537556,45.2,0.8007555382443157,0.8235614715438633,78.576,8.673636363636364,0.48152295632698766,0.22996,0.04,0.08,0.12,0.28,1.22,3.0,4.5,14.94,23.94,33.36,0.4921659302896416,8.0,0.7863021787823254,0.38200011159261255,41.078,9.775818181818181,0.6855782936265526,0.24566400000000002,0.66,2.18,4.1,5.48,7.86,8.24,11.04,13.96,13.4,14.56
classroom,0.8,2,reciprocal_oracle,0.06340175005607307,5277,0.6345971195755163,19.7,0.25250231491688346,0.7434728065188554,32.2,0.7910932355881373,0.5628430499925827,60.706,9.805090909090909,0.2963678773742086,0.24347200000000005,0.1,0.54,0.58,1.54,3.02,6.6,7.76,17.62,25.82,41.96,0.489003979533826,7.199999999999999,0.5200121898988568,0.27361913966337825,30.01,9.970727272727272,0.23081738213685632,0.27894800000000003,1.0,3.12,6.8,9.2,13.06,13.28,14.98,16.2,13.5,14.4
classroom,0.9,0,random,0.07297362480312586,2310,0.6508883116883117,27.400000000000002,0.06251157278820872,0.7717004329004329,43.4,0.7254615239175648,0.39743026575884033,43.428,9.933818181818182,0.025524673851389675,0.23725600000000002,0.04,0.16,0.08,0.6,1.16,1.78,3.5,5.38,11.32,22.18,0.4863064935064935,11.4,0.4247648521691075,0.09616363636363637,10.578,10.0,0.07152067790365663,0.291248,0.7,1.52,3.3,4.74,4.36,5.1,7.04,7.22,6.72,5.5
classroom,0.9,0,popularity,0.11857162485830486,1895,0.7885593667546175,48.699999999999996,0.8609345230235235,0.8461540897097626,62.4,0.8684717261021776,0.7198486959984073,72.316,9.132727272727273,0.8317806918649499,0.209072,0.0,0.04,0.0,0.12,0.18,0.34,1.52,3.22,8.3,24.18,0.7062997361477572,35.0,0.8146722716964434,0.30895158481365376,33.706,9.918,0.8745229271530505,0.229592,0.12,0.3,0.44,1.02,1.04,2.06,3.92,7.12,10.2,11.68
classroom,0.9,0,elo,0.09425404109060764,2072,0.7239913127413128,37.3,0.05374926106134328,0.7682335907335908,48.0,0.6212932862190813,0.35007232132922894,37.756,9.804727272727273,0.0038548024413748794,0.22207200000000002,0.02,0.14,0.12,0.36,0.76,1.1,2.78,5.4,9.44,21.32,0.6696138996138996,26.6,0.3692768301726878,0.05660926333400011,6.226,9.998363636363637,0.061976904333086134,0.24605200000000002,0.44,0.62,1.32,1.54,1.7,2.4,3.68,5.9,11.64,12.2
classroom,0.9,0,one_sided_oracle,0.05675929202698171,3801,0.7022959747434886,32.2,0.6601019306061834,0.8016411470665614,53.0,0.8195499487179487,0.8363697563849034,79.512,8.642545454545454,0.5158461538461538,0.224312,0.0,0.0,0.04,0.14,0.28,1.22,4.34,9.78,22.42,37.8,0.551950013154433,11.4,0.7992697454472281,0.36246026877823007,39.0,9.781636363636364,0.7308582352349331,0.23886800000000002,0.5,1.2,3.28,4.9,5.66,7.26,10.66,13.12,15.74,13.7
classroom,0.9,0,reciprocal_oracle,0.058836332987993956,4888,0.6678627250409165,25.2,0.2901107108338459,0.7697512274959083,41.199999999999996,0.8034144181541442,0.5763202314926453,62.14,9.802,0.3031686730316867,0.24318000000000004,0.02,0.1,0.34,0.76,1.66,3.26,7.82,12.88,24.8,46.12,0.526917348608838,9.2,0.5772068233022208,0.2632786885245902,28.908,9.981818181818182,0.284036047634374,0.27612800000000004,0.86,2.22,6.04,8.66,9.06,10.7,14.92,15.8,15.82,13.68
classroom,0.9,1,random,0.07308508292771876,2378,0.6683494533221195,28.1,0.0673532898636633,0.7879579478553406,43.6,0.7240124621684173,0.39124704848717806,42.75,9.933272727272728,0.027772832472850277,0.23800800000000003,0.04,0.1,0.32,0.86,0.82,1.9,3.42,6.02,10.78,23.3,0.5036518082422203,12.6,0.42806484210526313,0.10212727272727273,11.234,10.0,0.07775438596491228,0.289392,0.46,1.38,2.72,4.24,4.4,6.36,6.46,7.02,7.54,6.98
classroom,0.9,1,popularity,0.10392695898190141,1948,0.8027274127310061,50.0,0.8625296191951042,0.856577002053388,63.0,0.8644113171391534,0.7141377524598653,71.708,9.128363636363636,0.836273459956039,0.209076,0.02,0.04,0.06,0.22,0.08,0.36,1.04,3.42,10.58,23.14,0.7284743326488706,37.0,0.8173557204217102,0.32522545641176037,35.486,9.919272727272727,0.8755229542031573,0.22943200000000002,0.08,0.18,0.36,0.76,1.02,2.48,3.96,7.1,9.84,13.18
classroom,0.9,1,elo,0.08835724997334182,2172,0.7245810313075507,35.8,0.04808622357330385,0.7706537753222836,44.2,0.6335102519039251,0.33893375815056315,36.594,9.815272727272728,0.0035149384885764497,0.22290000000000004,0.04,0.04,0.2,0.68,0.64,1.56,2.72,5.68,10.36,21.52,0.6704125230202578,27.400000000000002,0.357167295185003,0.06208514430158759,6.828,9.998,0.056402688965404166,0.24537600000000004,0.3,0.78,0.88,1.6,1.62,3.06,3.48,6.5,11.38,13.84
classroom,0.9,1,one_sided_oracle,0.07310799998231232,3792,0.7093623417721518,32.2,0.6849620928101308,0.8081466244725738,52.400000000000006,0.8208269353024598,0.8328281552580618,79.132,8.637818181818181,0.5484375764096043,0.223012,0.02,0.0,0.02,0.08,0.4,1.4,4.12,11.74,23.9,34.16,0.56442194092827,12.0,0.8028696355456705,0.38066605856400904,40.898,9.767090909090909,0.755522418237881,0.2358,0.44,1.48,2.94,4.72,4.72,7.72,8.68,14.02,15.52,15.6
classroom,0.9,1,reciprocal_oracle,0.06423658318817616,4990,0.6768639278557115,23.7,0.31585893552574645,0.7751895791583167,36.4,0.807837716102537,0.5788494801644131,62.246,9.775818181818181,0.3412598529509174,0.24138,0.04,0.14,0.38,1.24,1.64,3.6,7.3,14.82,25.76,44.88,0.5429386773547095,11.0,0.5829635317932076,0.27518136415004923,30.194,9.97490909090909,0.3035375767117566,0.27570000000000006,0.8,2.62,4.52,7.68,8.96,13.5,13.92,16.92,15.32,15.56
classroom,0.9,2,random,0.07276612496934831,2415,0.6641271221532091,28.9,0.0625316089877899,0.7977399585921325,46.0,0.7311131284916201,0.4018156194520197,43.908,9.934,0.025314245810055865,0.23875600000000002,0.0,0.1,0.2,0.46,0.94,2.3,3.0,6.04,11.04,24.22,0.47766211180124224,11.799999999999999,0.41924569554523095,0.10414545454545454,11.456,10.0,0.07224196046278583,0.29158000000000006,0.44,1.5,2.88,3.82,6.0,6.18,7.52,7.7,5.86,6.4
classroom,0.9,2,popularity,0.10358479106798768,1880,0.793120744680851,50.0,0.8598704902867715,0.861872340425532,64.60000000000001,0.8611735970711983,0.7122024105986652,71.498,9.126363636363637,0.8417026392000437,0.209152,0.02,0.0,0.02,0.14,0.2,0.28,0.64,3.6,9.76,22.94,0.6952340425531915,35.4,0.8143313099667123,0.3362918044836457,36.602,9.894545454545455,0.8691711656270106,0.229464,0.0,0.34,0.44,0.86,1.44,2.22,3.8,6.96,8.74,12.8
classroom,0.9,2,elo,0.08428091695532203,2026,0.7197201382033563,36.9,0.0436117381489842,0.7794294175715696,48.6,0.6327961783439491,0.35227841298667606,38.02,9.811454545454545,0.005414012738853503,0.22264400000000004,0.0,0.08,0.14,0.26,0.72,1.72,2.38,5.48,9.02,20.72,0.6472773938795656,25.2,0.3499648605996844,0.05709921443118999,6.28,9.998545454545454,0.04992109416096791,0.24644400000000002,0.24,0.74,1.02,1.46,2.56,2.5,3.48,4.92,10.28,13.32
classroom,0.9,2,one_sided_oracle,0.05707054096274078,3637,0.7027121253780588,33.4,0.6649360558661072,0.8137965356062689,54.0,0.8212879873095227,0.8316447964277439,78.968,8.632181818181818,0.5413642263135124,0.22445199999999998,0.0,0.04,0.02,0.1,0.32,1.18,2.84,11.48,23.4,33.36,0.5318707726147924,12.8,0.7979770033431264,0.38756613756613756,41.606,9.759272727272727,0.7300425488805592,0.23917200000000002,0.42,1.16,3.06,3.96,6.2,7.1,9.48,13.06,13.42,14.88
classroom,0.9,2,reciprocal_oracle,0.06322658294811845,4817,0.669310774340876,25.5,0.29251341602885544,0.776614905542869,41.199999999999996,0.8121708461847928,0.5668855987235147,61.108,9.799636363636363,0.33176880783156765,0.24218,0.0,0.14,0.24,0.8,1.8,4.78,5.92,14.82,24.7,43.14,0.5224434295204484,9.8,0.5659382077633043,0.27193990117243766,29.828,9.971454545454545,0.27335209792498527,0.277056,0.56,2.06,5.22,6.86,11.7,12.18,14.3,15.86,13.1,14.5
