mode,n,days,seed,ranker,seconds,matches,gini_matches,zero_match_pct,dead_like_share,a_gini_matches,a_zero_match_pct,a_gini_likes_received,a_like_rate,a_likes_sent_per_user,a_views_per_user_day,a_dead_like_share,a_exposure,a_cap_hit_share,a_u_decile_0,a_u_decile_1,a_u_decile_2,a_u_decile_3,a_u_decile_4,a_u_decile_5,a_u_decile_6,a_u_decile_7,a_u_decile_8,a_u_decile_9,b_gini_matches,b_zero_match_pct,b_gini_likes_received,b_like_rate,b_likes_sent_per_user,b_views_per_user_day,b_dead_like_share,b_exposure,b_cap_hit_share,b_u_decile_0,b_u_decile_1,b_u_decile_2,b_u_decile_3,b_u_decile_4,b_u_decile_5,b_u_decile_6,b_u_decile_7,b_u_decile_8,b_u_decile_9,matches_per_user_day,dead
classroom,500,11,0,random,0.08599929185584188,2968,0.5583237870619946,15.8,0.048449540946130305,0.6620350404312668,26.8,0.6322909880564603,0.3953752357238324,43.19,9.930727272727273,0.011943539630836048,0.238216,0.096,0.22,0.92,1.52,2.26,3.26,4.94,7.62,8.42,12.32,17.88,0.43040296495956876,4.8,0.3624112062977541,0.10047272727272727,11.052,10.0,0.057791155360037046,0.29208799999999996,0.0,2.14,4.02,5.06,6.8,6.08,7.76,7.66,7.3,6.52,6.02,0.5396363636363637,4.844954094613031
classroom,500,11,0,popularity,0.11528499983251095,1970,0.7190553299492386,36.8,0.8403705795010142,0.7836020304568528,49.6,0.8506749386610586,0.6488242574257426,67.104,9.402181818181818,0.8051875219067648,0.21558000000000002,0.42163636363636364,0.02,0.22,0.18,0.58,0.44,1.7,5.68,4.64,8.58,17.36,0.6294944162436549,24.0,0.806408559847401,0.25985499854269895,28.53,9.98109090909091,0.8553290414878397,0.233952,0.018545454545454546,0.54,0.82,1.1,1.58,2.66,4.14,4.54,6.48,8.68,8.86,0.35818181818181816,84.03705795010143
classroom,500,11,0,elo,0.10465224995277822,2480,0.6128387096774194,21.6,0.0382679180887372,0.6561290322580645,30.2,0.5015344418052257,0.3622170611221706,39.302,9.864,0.0026392187912377936,0.22408400000000003,0.11454545454545455,0.32,0.6,0.84,1.92,2.4,3.82,6.26,7.04,10.06,16.34,0.5600322580645162,13.0,0.28617057656098926,0.06889842528275812,7.578,9.998909090909091,0.045137652027886624,0.24656,0.0007272727272727272,1.22,1.7,2.9,3.4,3.18,5.38,5.76,7.5,9.24,9.32,0.4509090909090909,3.8267918088737205
classroom,500,11,0,one_sided_oracle,0.07992941583506763,5365,0.5728389561975769,13.600000000000001,0.4718098846220079,0.6738590866728797,25.6,0.72441839903163,0.8088819875776397,78.138,8.781818181818181,0.32603547181727277,0.24070800000000003,0.7516363636363637,0.14,0.98,1.76,3.34,4.46,7.88,15.22,15.58,24.0,33.94,0.4403522833178006,1.6,0.7244059996416596,0.35125891965837247,38.002,9.835272727272727,0.5427064936394584,0.26580400000000004,0.15163636363636362,3.32,4.9,8.18,9.98,10.78,12.94,14.22,15.5,14.72,12.76,0.9754545454545455,47.18098846220079
classroom,500,11,0,reciprocal_oracle,0.10051479213871062,6509,0.5558700261176832,10.7,0.17666557627303456,0.6542439698878476,20.200000000000003,0.6987744663438586,0.5810297295283511,62.384,9.760727272727273,0.17076996521857737,0.24494,0.2712727272727273,0.44,2.0,2.7,5.22,6.56,10.08,18.04,18.18,27.32,39.64,0.4326762943616531,1.2,0.43995960502693,0.2673047124236624,29.326,9.973636363636365,0.17943703513721468,0.277168,0.03381818181818182,4.66,7.72,12.0,14.28,14.16,16.04,17.26,16.48,15.06,12.52,1.1834545454545455,17.666557627303455
classroom,500,11,1,random,0.10034854197874665,3179,0.5690418370556779,14.299999999999999,0.05151470261462114,0.6735810003145644,23.599999999999998,0.6246603375527426,0.39037345006318797,42.628,9.927090909090909,0.014064697609001406,0.23861600000000002,0.09072727272727273,0.74,1.02,1.78,2.94,3.1,4.38,7.24,9.84,13.18,19.36,0.43688770053475934,5.0,0.36510800412874167,0.10341818181818181,11.376,10.0,0.0615088674110913,0.29026,0.0001818181818181818,2.0,4.64,5.18,7.52,6.86,7.96,7.48,8.38,6.92,6.64,0.578,5.151470261462114
classroom,500,11,1,popularity,0.11585095897316933,2083,0.7298079692750841,34.599999999999994,0.8439754317985078,0.7928132501200192,45.6,0.8536144253454668,0.6561282530777622,67.366,9.333818181818183,0.8110549376474553,0.213812,0.45654545454545453,0.14,0.3,0.32,0.58,0.96,2.16,3.58,6.34,9.26,18.02,0.6475170427268363,23.599999999999998,0.8092527981474334,0.27053395579546285,29.67,9.970181818181818,0.858474601430989,0.232808,0.02890909090909091,0.42,0.92,1.04,2.22,2.86,3.72,4.46,7.22,8.18,10.62,0.37872727272727275,84.39754317985077
classroom,500,11,1,elo,0.11140412511304021,2635,0.6334307400379506,22.400000000000002,0.03246808510638298,0.677222770398482,30.0,0.5147451564828615,0.3587759538679784,38.948,9.86890909090909,0.0004967709885742673,0.22449200000000002,0.114,0.38,0.84,1.3,2.22,2.6,3.64,5.94,7.86,10.86,17.06,0.5824053130929792,14.799999999999999,0.27775762555201805,0.07320399294506973,8.052,9.999454545454546,0.03907774468522132,0.24623200000000003,0.0005454545454545455,1.12,2.14,2.5,3.9,3.46,5.34,5.46,8.34,9.16,11.28,0.47909090909090907,3.246808510638298
classroom,500,11,1,one_sided_oracle,0.09347891714423895,5631,0.5869438820813354,11.1,0.4987271702174916,0.6805842656721719,19.400000000000002,0.7270982229237741,0.804734217550539,77.784,8.787090909090908,0.3621874840877845,0.2394,0.7532727272727273,0.6,1.42,2.1,4.48,4.74,8.6,14.22,18.9,25.32,32.24,0.4660092345942106,2.8000000000000003,0.7378175460248895,0.3636582475372195,39.278,9.818909090909091,0.5676745860331174,0.262384,0.1618181818181818,2.64,5.4,7.62,11.98,11.18,13.96,13.98,16.02,14.92,14.92,1.0238181818181817,49.87271702174916
classroom,500,11,1,reciprocal_oracle,0.06857841601595283,6943,0.565996255221086,7.3999999999999995,0.19527786147819723,0.6591447501080224,12.4,0.7114686178861789,0.5804253253421461,62.174,9.738,0.20403252032520325,0.24388400000000005,0.28654545454545455,1.22,2.2,3.36,6.56,6.86,10.78,16.52,21.92,28.98,40.46,0.44834250324067404,2.4,0.45517155080901983,0.280468450719641,30.75,9.96709090909091,0.19094798468813332,0.278284,0.042,4.04,8.38,10.72,17.18,15.14,18.08,16.66,17.82,15.58,15.26,1.2623636363636364,19.52778614781972
classroom,500,11,2,random,0.08660991699434817,3069,0.5592447051156728,14.2,0.05373662908355016,0.6796291951775822,24.0,0.6300586779780841,0.402854790008235,44.028,9.935454545454546,0.012548603746907035,0.23879200000000003,0.09018181818181818,0.5,1.04,1.64,2.34,3.34,5.38,5.42,10.12,12.06,19.54,0.4048022157054415,4.3999999999999995,0.36959662033251567,0.10287272727272727,11.316,10.0,0.06432270373398746,0.29291999999999996,0.0,2.52,4.06,5.36,6.62,7.94,7.38,7.6,7.5,6.28,6.12,0.558,5.3736629083550165
classroom,500,11,2,popularity,0.12237312481738627,2104,0.7327680608365019,37.3,0.8465655305621504,0.8171007604562738,51.6,0.8483063271604938,0.6651085792190087,68.3,9.335454545454546,0.81372170781893,0.21436,0.4681818181818182,0.1,0.2,0.26,0.46,1.62,1.78,2.04,7.94,9.92,17.76,0.6123136882129278,23.0,0.806828579795022,0.2836144798030455,31.104,9.97,0.8615226939970717,0.232624,0.028,0.28,0.78,1.26,2.26,3.12,4.16,5.22,6.68,7.36,10.96,0.3825454545454545,84.65655305621505
classroom,500,11,2,elo,0.09643145790323615,2548,0.5956993720565149,19.7,0.04049531459170013,0.6588320251177394,28.4,0.49645868725868725,0.36945649164898037,40.038,9.851818181818182,0.003861003861003861,0.22413600000000006,0.12545454545454546,0.46,0.82,1.38,2.06,2.68,4.3,4.96,7.68,10.42,16.2,0.5223249607535322,11.0,0.27814386332983665,0.07063764795723558,7.77,9.999818181818181,0.04760477546330986,0.246872,0.0003636363636363636,1.5,2.02,2.92,3.72,4.8,3.78,5.56,8.04,7.48,11.14,0.4632727272727273,4.049531459170013
classroom,500,11,2,one_sided_oracle,0.06045175017789006,5271,0.5790686776702713,14.2,0.4936328443357783,0.692950483779169,25.4,0.7330536966539771,0.809498066286855,77.864,8.744363636363637,0.36435584051292325,0.23970000000000002,0.7638181818181818,0.42,1.04,2.02,2.6,5.46,8.5,10.02,19.64,24.56,31.16,0.42748131284386265,3.0,0.7364546388574951,0.3700874981462257,39.928,9.808,0.5599249974314189,0.2636200000000001,0.17436363636363636,2.6,5.5,7.7,9.3,12.52,12.1,13.86,14.04,13.18,14.62,0.9583636363636364,49.36328443357783
classroom,500,11,2,reciprocal_oracle,0.09006629092618823,6653,0.5568161731549677,9.6,0.18058269289218878,0.6681704494213137,17.599999999999998,0.7198734210183617,0.5701975932253751,61.408,9.790545454545455,0.20276077614272692,0.24532800000000002,0.26327272727272727,0.94,2.22,3.24,4.7,7.82,11.44,12.58,22.6,28.04,39.48,0.41425913121899893,1.6,0.42226628452318915,0.28016856084791214,30.716,9.966727272727272,0.1694893173527879,0.278928,0.04072727272727273,4.42,8.36,11.68,14.36,17.08,16.6,16.46,16.02,13.56,14.52,1.2096363636363636,18.058269289218877
classroom,1000,22,0,random,0.6023519169539213,12609,0.5371156316916488,6.9,0.05099920356655712,0.6566814973431676,13.3,0.5984464802314369,0.39577313214113985,86.423,9.925681818181818,0.014289471377224512,0.238853,0.09686363636363636,0.97,1.96,3.42,6.19,9.02,10.69,13.57,18.5,24.46,37.31,0.3832382425251804,0.5,0.3640249354917094,0.1037,22.814,10.0,0.06068986265230321,0.292051,4.545454545454545e-05,4.71,9.39,11.95,13.93,14.23,15.82,16.3,14.78,13.98,11.0,0.5731363636363637,5.099920356655712
classroom,1000,22,0,popularity,0.7952808749396354,5913,0.7261084052088619,30.7,0.8979720784691299,0.7822474209369187,41.5,0.8418649177962171,0.6941135989382358,141.207,9.247045454545454,0.8683365115360168,0.20894400000000002,0.5075454545454545,0.07,0.3,0.51,1.48,3.15,2.77,5.36,8.68,12.78,24.03,0.6524672754946728,19.900000000000002,0.8125473453865601,0.26521564803761655,58.209,9.976272727272727,0.9101885883844285,0.22805,0.022772727272727274,0.63,1.29,1.98,2.7,3.1,4.51,6.34,8.78,13.79,16.01,0.2687727272727273,89.79720784691298
classroom,1000,22,0,elo,0.6806075000204146,9929,0.5718839762312418,10.6,0.04698666666666667,0.6305641051465405,18.099999999999998,0.46381768388106415,0.36159979340843795,78.414,9.856954545454546,0.0029342723004694834,0.22356000000000006,0.1215,0.76,1.59,2.69,4.78,7.01,8.01,10.82,15.52,18.37,29.74,0.5013065766945312,3.1,0.2667980717728977,0.06971194276129478,15.336,9.999590909090909,0.05560231591297472,0.242827,0.00045454545454545455,2.77,4.32,5.8,6.45,8.19,8.9,11.84,13.95,18.86,18.21,0.45131818181818184,4.698666666666667
classroom,1000,22,0,one_sided_oracle,0.37723029078915715,21984,0.5587714929039301,7.3,0.49066178326779825,0.6659372270742359,13.700000000000001,0.7086144773983991,0.8097060592859958,156.134,8.764909090909091,0.33698103966075044,0.241471,0.7558181818181818,0.71,2.29,4.04,9.13,15.09,17.98,26.88,35.89,46.0,61.83,0.4169638828238719,0.8999999999999999,0.7346003817233915,0.358644249571243,77.583,9.832863636363637,0.5670257599241677,0.26382300000000003,0.15545454545454546,5.46,12.73,16.64,20.58,23.74,26.43,29.9,29.22,30.13,25.01,0.9992727272727273,49.06617832677983
classroom,1000,22,0,reciprocal_oracle,0.42597341700457036,27258,0.537224888106244,4.3999999999999995,0.17549861617537232,0.644367525130237,8.4,0.6960704597857046,0.5732083746525692,123.12,9.763227272727272,0.18794927437949274,0.24528300000000003,0.2700909090909091,1.71,4.58,7.44,13.13,20.44,23.05,31.63,42.12,53.25,75.23,0.3994372294372294,0.4,0.4176884178037687,0.2689759269646269,58.984,9.967772727272727,0.16953378817413906,0.279523,0.03922727272727273,9.03,19.25,25.47,29.87,32.12,33.75,36.02,32.23,30.39,24.45,1.239,17.549861617537232
classroom,1000,22,1,random,0.6065310828853399,12363,0.5478385505136294,8.95,0.04685628605648354,0.6619837418102402,16.400000000000002,0.6176742201834863,0.40090180819409477,87.577,9.929545454545455,0.013440366972477065,0.23816000000000004,0.09759090909090909,0.81,1.85,3.33,5.03,8.57,9.08,12.45,18.93,22.86,40.72,0.4038758391976058,1.5,0.36294466583692064,0.09909090909090909,21.8,10.0,0.055174303755552254,0.293557,0.0,4.46,9.01,10.15,13.77,13.2,14.85,14.59,18.58,14.33,10.69,0.5619545454545455,4.685628605648354
classroom,1000,22,1,popularity,0.9520586251746863,6203,0.7458766725777849,32.85,0.8971417441204234,0.797147992906658,43.6,0.849942603348138,0.6981133934774361,141.687,9.225318181818182,0.8693542876665528,0.20789800000000003,0.5152727272727273,0.13,0.32,0.4,0.78,1.88,1.97,4.65,9.19,13.83,28.88,0.6814462356924069,22.1,0.8120531241398293,0.2665853036540493,58.54,9.981454545454545,0.908622527119637,0.22804300000000002,0.018863636363636364,0.61,0.99,1.46,2.39,2.82,3.52,7.63,12.53,13.51,16.57,0.28195454545454546,89.71417441204234
classroom,1000,22,1,elo,0.716170541010797,10148,0.5893537642885298,11.5,0.04644298152473986,0.6453417422152148,18.5,0.4927126863155055,0.3659265407760946,79.353,9.857045454545455,0.003102448236325622,0.22334700000000005,0.12181818181818181,0.6,1.24,2.32,3.79,6.99,7.64,10.45,15.49,19.74,33.22,0.5223734726054395,4.5,0.2665778609504367,0.06739667993963526,14.827,9.999818181818181,0.054541101155595885,0.243324,0.0001818181818181818,2.79,4.33,5.4,7.03,6.92,9.04,11.02,17.01,19.08,18.86,0.4612727272727273,4.6442981524739855
classroom,1000,22,1,one_sided_oracle,0.4926067090127617,21881,0.5706208354279969,8.35,0.4872984572555388,0.6730542022759471,15.7,0.7234526872385763,0.8140359806385941,156.741,8.752181818181818,0.34905164022834295,0.238733,0.7628181818181818,0.69,1.9,3.72,6.54,14.63,15.57,24.21,38.16,47.12,66.27,0.4355797724052831,1.0,0.7308855564274823,0.3515506869078281,76.026,9.829954545454546,0.5543539979966952,0.26528399999999996,0.1535,6.03,11.29,15.03,20.98,21.14,24.77,27.3,36.32,30.99,24.96,0.9945909090909091,48.72984572555388
classroom,1000,22,1,reciprocal_oracle,0.4615514581091702,26925,0.5500653296193129,5.75,0.18756913266965972,0.6532099164345404,10.8,0.7092261404791458,0.5856504792808922,125.615,9.749454545454546,0.19043408770169862,0.24550999999999998,0.2908636363636364,1.64,3.63,6.37,10.4,19.84,20.25,28.2,44.48,53.06,81.38,0.41856924791086353,0.7000000000000001,0.44434651116506785,0.26821326450106486,58.813,9.967136363636364,0.1862277594236357,0.28019099999999997,0.0395,9.03,17.57,22.65,30.0,29.31,32.27,32.17,40.0,31.89,24.36,1.2238636363636364,18.75691326696597
classroom,1000,22,2,random,0.6040386250242591,12432,0.537208092020592,7.1,0.047505271827174574,0.641536036036036,13.0,0.6100182608695652,0.40044762183735494,87.493,9.931272727272727,0.011565217391304347,0.239233,0.09745454545454546,1.04,1.98,3.16,5.1,7.59,11.66,12.55,17.53,25.53,38.18,0.40498745173745176,1.2,0.3613629318916942,0.10454545454545454,23.0,10.0,0.05695312767878573,0.293295,0.00013636363636363637,4.23,9.54,11.85,11.99,13.52,14.56,13.84,15.8,15.47,13.52,0.5650909090909091,4.750527182717457
classroom,1000,22,2,popularity,0.8105640830472112,6348,0.7393295526149969,30.95,0.8962373636359147,0.7870913673597983,41.6,0.8451578203900048,0.6918219847987902,140.902,9.257636363636363,0.872136258098037,0.208885,0.5045454545454545,0.12,0.31,0.48,1.06,1.83,3.71,5.13,8.3,14.03,28.51,0.67882797731569,20.3,0.8129707172360932,0.2807936573067261,61.589,9.969954545454545,0.9067720827241629,0.22792800000000002,0.027909090909090908,0.61,1.3,1.86,2.53,3.76,4.67,5.62,11.61,12.98,18.54,0.28854545454545455,89.62373636359146
classroom,1000,22,2,elo,0.6639435421675444,10656,0.5881170232732733,11.0,0.0431525008121221,0.6359707207207207,17.2,0.48034915254237287,0.3662552577870533,79.499,9.866318181818182,0.002071563088512241,0.223951,0.11518181818181818,0.81,1.32,2.33,4.42,6.05,9.12,11.28,15.85,21.18,34.2,0.5312098348348349,4.8,0.2571622158769293,0.07241073660765017,15.93,9.999772727272727,0.05138429414206468,0.243335,0.00022727272727272727,2.62,4.98,6.41,6.06,6.97,10.12,10.08,17.57,19.78,21.97,0.4843636363636364,4.31525008121221
classroom,1000,22,2,one_sided_oracle,0.4373297921847552,22708,0.5670764708472785,7.6,0.48862102054160544,0.6687476660207856,14.6,0.7218678002044913,0.8115864518373515,156.301,8.753954545454546,0.3485565695964454,0.24075200000000002,0.7598181818181818,0.66,1.51,4.05,7.55,11.81,20.99,24.29,35.21,49.96,71.05,0.432981856614409,0.6,0.7324071183165815,0.366891281695033,79.221,9.814772727272727,0.559612542466139,0.26444,0.1680909090909091,5.11,13.5,16.91,18.83,22.63,26.45,26.09,34.69,32.97,29.9,1.032181818181818,48.862102054160545
classroom,1000,22,2,reciprocal_oracle,0.4152075001038611,28036,0.5427864888001142,4.8500000000000005,0.1816958060710072,0.6434325866742759,9.5,0.6969598231827112,0.5846611548666583,125.38,9.747681818181817,0.17987884741322854,0.24701800000000002,0.28745454545454546,1.95,3.36,6.76,11.56,16.4,27.18,29.71,40.67,57.59,85.18,0.4142949778855757,0.2,0.43787655128409636,0.27854035369335023,61.08,9.967545454545455,0.18258095390014356,0.279899,0.04181818181818182,8.03,21.21,26.33,26.78,30.23,34.35,30.85,38.06,34.48,30.04,1.2743636363636364,18.16958060710072
classroom,2000,44,0,random,4.06571558304131,50683,0.5292825799577767,4.75,0.052132936843935364,0.6505720359883985,9.35,0.6022711715934073,0.40450866271021285,176.637,9.924329545454546,0.01018825393637084,0.2386805,0.10219318181818182,1.335,3.955,7.86,10.44,14.42,19.695,27.42,36.88,50.415,80.995,0.3750009963893219,0.15,0.3565013841947044,0.10183295454545455,44.8065,10.0,0.0627728052446543,0.293836,0.0,9.81,18.525,23.62,25.78,31.805,31.585,31.78,28.715,28.395,23.4,0.5759431818181818,5.213293684393537
classroom,2000,44,0,popularity,5.309342791792005,18537,0.7368138857420294,24.875,0.9266100612854808,0.7863963694233155,35.8,0.8413825008059349,0.7181812107608893,290.212,9.183931818181819,0.9035693736559249,0.20568999999999998,0.5434431818181819,0.15,0.405,0.915,1.495,2.19,4.61,7.495,12.3,20.7,42.425,0.6759987322651994,13.950000000000001,0.8151747360550219,0.27941020533583566,122.5285,9.966488636363636,0.9363379184871748,0.224744,0.030329545454545456,0.965,2.07,2.32,2.975,4.825,4.945,8.69,14.86,21.545,29.49,0.21064772727272726,92.66100612854808
classroom,2000,44,0,elo,4.642582499887794,40667,0.5650650343029975,6.075,0.06514897873373952,0.623754924139966,11.05,0.4692612958366891,0.3713552380337426,161.033,9.855363636363636,0.0039282720533850525,0.2234985,0.12086363636363637,0.98,2.985,6.0,7.85,11.8,16.725,23.14,30.32,41.025,62.51,0.49614664224063737,1.0999999999999999,0.2575908850980855,0.06913828566233707,30.4205,9.999886363636364,0.07671408965864139,0.24197950000000001,0.00011363636363636364,5.74,9.61,11.435,12.765,17.055,19.04,21.98,29.66,37.705,38.345,0.462125,6.514897873373952
classroom,2000,44,0,one_sided_oracle,2.772870250046253,89462,0.5562076104938409,5.975,0.48835365808242615,0.6651010932015828,11.65,0.7139875243064246,0.8158566678788508,314.0885,8.749545454545455,0.3355088786636119,0.24145875,0.7647045454545455,0.85,3.77,10.33,14.38,23.095,35.205,52.98,73.205,99.555,133.94,0.41314825288949497,0.3,0.7290915482419764,0.3604756743751887,155.823,9.824329545454546,0.5641817513216816,0.2644255,0.1605909090909091,11.87,24.21,33.24,38.745,51.715,54.81,58.755,58.93,61.705,53.33,1.0166136363636364,48.835365808242614
classroom,2000,44,0,reciprocal_oracle,2.9345537500921637,111728,0.5362110214091365,3.075,0.18004276280689338,0.6450826739939854,6.05,0.7001594836122388,0.5798961749142942,248.9935,9.758545454545455,0.18599201241046967,0.24747725,0.2781590909090909,2.595,7.985,17.095,22.55,32.825,45.64,64.05,84.77,114.7,166.43,0.3975130495489045,0.1,0.42191035408554844,0.2764151427545033,121.188,9.964261363636364,0.17714719460548167,0.28117525,0.043977272727272726,19.05,38.855,50.91,57.7,71.215,69.78,70.86,64.535,62.975,52.76,1.2696363636363637,18.00427628068934
classroom,2000,44,1,random,4.078963582869619,49345,0.5359306920660655,4.675,0.04973019433362137,0.6521868375721958,9.2,0.6094384399721812,0.39253202513731594,171.552,9.93271590909091,0.017234634443188734,0.23922125,0.09122727272727273,1.425,4.17,7.57,8.92,13.565,16.11,28.095,40.12,45.785,80.965,0.3875972742932415,0.15,0.3662801045747062,0.10457308377187649,46.012,9.999965909090909,0.05844583566498788,0.292024,7.954545454545455e-05,7.9,17.31,22.065,26.59,28.845,31.14,29.745,31.87,28.075,23.185,0.5607386363636364,4.973019433362137
classroom,2000,44,1,popularity,5.456933500012383,18719,0.7462589080613281,26.200000000000003,0.9256135607948682,0.7918307869010097,36.55,0.8431666902593624,0.708804996513056,287.1245,9.206420454545455,0.9041664700608691,0.20620499999999997,0.5289204545454546,0.09,0.415,0.92,1.34,2.405,3.305,7.64,13.895,18.785,44.8,0.6909622575992307,15.85,0.8161920012050522,0.2900372816446349,127.158,9.964079545454545,0.9351117720710006,0.22458725,0.03321590909090909,0.85,1.825,2.175,3.285,3.975,6.1,10.0,14.445,21.52,29.42,0.2127159090909091,92.56135607948683
classroom,2000,44,1,elo,4.650735082803294,40638,0.5762314397854225,6.775,0.056502605767862465,0.6346613022294404,12.15,0.48013492191533297,0.3575324355262582,155.2295,9.867477272727273,0.004130098089829634,0.223729,0.11186363636363636,1.08,2.965,6.085,7.415,11.255,13.695,23.135,32.285,37.915,67.36,0.5072858654461342,1.4000000000000001,0.2619326529429007,0.07043788445432345,30.992,9.99978409090909,0.06695892211209854,0.241595,0.00027272727272727274,4.655,8.73,10.505,14.065,15.49,18.91,23.495,31.75,36.99,38.6,0.46179545454545456,5.650260576786247
classroom,2000,44,1,one_sided_oracle,3.007384124910459,87581,0.5645718934472088,6.3,0.4941230348133949,0.6720447985293614,12.45,0.7239947409402885,0.8065217701059199,311.317,8.772715909090909,0.35894102945701384,0.2410485,0.7537272727272727,0.915,3.85,10.025,12.15,21.86,27.875,53.8,79.28,91.305,136.845,0.4222724848996929,0.15,0.7329586418345287,0.3691484959857022,159.249,9.804443181818181,0.5632731267486196,0.26400225,0.17313636363636364,9.64,22.305,30.635,41.53,45.065,53.55,56.43,64.905,60.55,53.295,0.9952386363636364,49.41230348133949
classroom,2000,44,1,reciprocal_oracle,2.891551624983549,109404,0.5444901763189646,3.375,0.18621550853802538,0.6506218602610507,6.65,0.705717341318537,0.5707578720350093,245.328,9.768829545454546,0.20071997292967014,0.24734925000000002,0.2670227272727273,2.59,8.01,17.29,19.79,30.225,36.68,65.775,92.015,104.61,170.035,0.40900504551935946,0.1,0.4321292759081719,0.27967818770787417,122.6435,9.966284090909092,0.17896448835844259,0.28039875,0.04311363636363636,15.215,35.725,47.43,60.035,64.005,70.33,66.755,72.31,62.205,53.01,1.2432272727272726,18.62155085380254
classroom,2000,44,2,random,4.111768875038251,51714,0.5382029672815872,4.15,0.04512020524802712,0.6634646517384074,7.95,0.6151790974028837,0.3956826383342906,172.9145,9.931886363636364,0.01498081926010847,0.23898025,0.09455681818181819,2.155,4.82,6.625,9.94,12.605,19.235,23.845,35.835,52.125,91.385,0.3754963259465522,0.35000000000000003,0.3595476189099237,0.10308636363636364,45.358,10.0,0.05302620659343201,0.29300400000000004,1.1363636363636363e-05,10.055,17.385,23.205,28.055,29.465,32.43,31.9,31.765,29.675,24.635,0.587659090909091,4.512020524802712
classroom,2000,44,2,popularity,5.42462533316575,19893,0.7497073091037049,25.374999999999996,0.9228816823619334,0.7976750364449806,35.9,0.8442605788419241,0.7066970665884061,286.554,9.215534090909092,0.901819564731574,0.20643625000000004,0.5260340909090909,0.18,0.565,0.735,1.59,2.585,3.59,7.17,12.47,21.93,48.65,0.6905035690946564,14.85,0.8147954225032629,0.2910107180426851,127.5305,9.959840909090909,0.9322553515218772,0.22467374999999998,0.036352272727272726,1.065,1.9,2.815,3.26,4.625,6.565,9.565,16.47,20.85,32.35,0.2260568181818182,92.28816823619333
classroom,2000,44,2,elo,4.520961333066225,41234,0.5821238116602804,5.975,0.05698753547411521,0.6411432555657952,10.4,0.48480320486815415,0.36177064275147586,157.0005,9.863136363636364,0.0050953346855983775,0.22360875000000002,0.11320454545454546,1.4,3.595,4.815,8.165,10.685,15.355,20.295,30.085,40.845,70.93,0.5127909977203279,1.55,0.25907266696602876,0.07002984151948563,30.8125,9.999795454545454,0.06717176059948854,0.24183525000000003,0.00019318181818181817,5.995,8.435,10.675,12.725,15.175,18.465,23.615,31.67,37.455,41.96,0.46856818181818183,5.698753547411521
classroom,2000,44,2,one_sided_oracle,2.8726025419309735,90012,0.5672444257432342,5.075,0.4807552125948107,0.6783789605830334,9.9,0.7270876211077839,0.8075224935274851,311.7485,8.773988636363637,0.3582397375223953,0.240954,0.7551136363636364,1.455,5.48,7.75,14.15,21.04,32.675,46.16,72.03,101.595,147.725,0.4182807403457317,0.25,0.728211052338664,0.3681999200041737,158.7945,9.801647727272726,0.5431605925930678,0.26700725,0.17604545454545453,11.635,22.38,31.595,40.25,46.375,54.675,59.875,64.15,63.515,55.61,1.0228636363636363,48.07552125948107
classroom,2000,44,2,reciprocal_oracle,2.999764208914712,112657,0.5463360820898835,2.5749999999999997,0.18264419118134212,0.6585729470871761,4.95,0.7166872544934525,0.5730402328480005,246.199,9.764465909090909,0.20618302298204239,0.2470815,0.27146590909090906,3.645,10.395,13.86,21.82,29.455,42.62,56.235,83.09,117.905,184.26,0.4004711247414719,0.2,0.4253710819296585,0.28210650050214553,123.5965,9.957272727272727,0.17082725762492942,0.28132349999999995,0.05125,19.65,36.315,48.77,60.015,63.56,71.93,71.41,70.485,66.33,54.82,1.2801931818181818,18.264419118134214
hinge,500,6,0,random,0.05584449996240437,2455,0.5600989816700611,16.900000000000002,0.06484659660981149,0.658881466395112,27.6,0.6278173356602677,0.35665294924554186,27.56,12.879,0.03567965871630793,0.17268399999999998,0.349,0.3,0.86,0.9,2.1,2.48,3.72,6.86,6.42,10.6,14.86,0.43796741344195517,6.2,0.3973590711175617,0.0949164396672311,10.314,18.110666666666667,0.07576197387518142,0.261776,0.035333333333333335,1.92,3.36,3.82,5.5,5.34,6.18,6.36,5.9,6.36,4.36,0.8183333333333334,6.484659660981149
hinge,500,6,0,popularity,0.09356174990534782,1509,0.6662398939695162,32.300000000000004,0.70012767866386,0.7929476474486414,49.2,0.8744672211787854,0.6373728692164446,35.596,9.308,0.6278508183525624,0.12736,0.549,0.06,0.22,0.12,0.48,0.4,1.62,3.78,3.78,7.62,12.1,0.48511994698475813,15.4,0.8558303180132599,0.246006600660066,22.362,15.15,0.7455332059781998,0.197476,0.23046092184368738,0.76,1.32,2.1,2.76,2.9,3.36,3.98,4.64,4.44,3.92,0.503,70.012767866386
hinge,500,6,0,elo,0.10208804113790393,2145,0.5978526806526806,23.799999999999997,0.01784305395399648,0.6354358974358975,31.8,0.5147680771290841,0.31904559224856666,25.486,13.313666666666666,0.0002678093197643278,0.170324,0.326,0.24,0.8,0.88,1.8,2.4,3.4,5.74,5.62,8.82,13.2,0.5538993006993007,15.8,0.28717837243977085,0.06826575011883433,7.468,18.232666666666667,0.02299301577336577,0.24078,0.019666666666666666,1.06,1.62,2.38,2.72,3.22,4.66,5.04,6.24,7.78,8.18,0.715,1.784305395399648
hinge,500,6,0,one_sided_oracle,0.07535383314825594,3005,0.5775361064891847,20.4,0.5469774436090226,0.6962455906821964,35.199999999999996,0.7843086010661288,0.8585106382978723,38.736,7.52,0.4245065552514047,0.121172,0.6496666666666666,0.02,0.52,0.8,1.66,2.2,4.52,9.6,9.2,14.44,17.14,0.41788419301164725,5.6000000000000005,0.8370386204047914,0.36583566120276184,27.764,12.648666666666667,0.6347583643122676,0.17381200000000002,0.3694564854951651,1.38,3.26,5.0,5.74,6.26,7.32,8.38,8.94,7.9,5.92,1.0016666666666667,54.697744360902256
hinge,500,6,0,reciprocal_oracle,0.07227129186503589,4528,0.529172703180212,12.3,0.23966123689512686,0.6307093639575971,22.8,0.7261272666218939,0.5912123068545367,34.742,9.794,0.2761920752182673,0.143068,0.523,0.42,1.54,2.14,4.22,5.16,7.78,14.52,13.7,19.08,22.0,0.4006934628975265,1.7999999999999998,0.5169771458177422,0.26797444434446144,23.824,14.817333333333334,0.21461055782626215,0.211256,0.255,4.2,6.22,8.8,10.36,10.14,10.12,12.38,10.9,9.1,8.34,1.5093333333333334,23.966123689512685
hinge,500,6,1,random,0.05534983309917152,2630,0.574109885931559,17.8,0.06855987977405814,0.6681384030418251,27.200000000000003,0.6196738858063361,0.34161413300774923,27.42,13.377666666666666,0.04259889028100949,0.18009999999999998,0.3436666666666667,0.42,0.78,1.38,2.84,2.74,3.6,6.06,8.42,10.62,15.74,0.45813840304182507,8.4,0.3999833698030635,0.1011899371524822,11.174,18.404333333333334,0.07913931436907366,0.265288,0.04033333333333333,1.46,3.62,4.32,6.7,5.7,7.0,6.02,6.02,5.92,5.84,0.8766666666666667,6.855987977405814
hinge,500,6,1,popularity,0.09542299993336201,1546,0.6682833117723157,31.8,0.7114447915616917,0.8043570504527814,48.8,0.8771348122866894,0.6385861873761676,36.098,9.421333333333333,0.6550341296928328,0.128356,0.567,0.08,0.22,0.32,0.56,0.92,1.56,2.16,5.28,7.64,12.18,0.47085122897800774,14.799999999999999,0.8525796443016234,0.2629748468597842,23.44,14.855666666666666,0.7480746855781484,0.194144,0.2606809078771696,0.64,1.72,2.08,3.5,3.36,3.94,3.72,3.76,4.36,3.84,0.5153333333333333,71.14447915616917
hinge,500,6,1,elo,0.07969758310355246,2233,0.6097004030452307,21.9,0.016764866670716153,0.6430371697268249,26.200000000000003,0.5112064918851436,0.304090997851982,24.916,13.656,0.000749063670411985,0.17511999999999997,0.30933333333333335,0.52,0.7,0.96,2.28,2.54,3.56,4.76,7.3,9.7,12.34,0.5720653828929692,17.599999999999998,0.2792640873334404,0.07209850762389962,8.01,18.516333333333332,0.021913629796114945,0.243908,0.028666666666666667,0.88,2.0,2.4,3.56,3.62,5.18,4.8,5.54,7.0,9.68,0.7443333333333333,1.6764866670716152
hinge,500,6,1,one_sided_oracle,0.05542949982918799,2910,0.5903109965635739,19.400000000000002,0.590290515354121,0.7095079037800688,32.6,0.7911365406006674,0.8340707014303509,38.836,7.7603333333333335,0.47406840934371525,0.12242000000000001,0.65,0.26,0.46,0.86,1.92,2.34,4.48,7.98,11.32,14.44,14.14,0.43106941580756014,6.2,0.849860129776496,0.3911778303554431,28.768,12.257,0.676382737666083,0.16731200000000002,0.3975983989326217,1.68,3.0,4.42,6.58,6.52,7.74,7.32,7.94,7.64,5.36,0.97,59.0290515354121
hinge,500,6,1,reciprocal_oracle,0.05060558416880667,4369,0.5306106660563058,7.8,0.27988767050013375,0.6283172350652323,13.0,0.7468799355358582,0.5788272646095843,35.004,10.079,0.3394842868654311,0.145352,0.5296666666666666,0.98,1.8,2.6,4.9,5.32,7.68,12.66,14.26,18.38,18.8,0.4049617761501488,2.6,0.5357262027196892,0.28467220259668763,24.82,14.531333333333333,0.2376299851445549,0.20856799999999998,0.28633333333333333,3.36,6.22,8.0,11.86,9.16,10.72,11.06,9.92,8.96,8.12,1.4563333333333333,27.988767050013376
hinge,500,6,2,random,0.06856837496161461,2372,0.5681568296795952,16.900000000000002,0.06181073416657914,0.6707824620573356,25.6,0.6363336482146231,0.3539087235192669,27.498,12.949666666666667,0.03381825051955413,0.17431200000000002,0.35433333333333333,0.46,0.92,1.52,1.7,2.9,3.84,4.56,7.7,9.36,14.48,0.44079595278246203,8.200000000000001,0.39905258564259216,0.09873526339352336,10.586,17.869333333333334,0.07258709724343589,0.259176,0.03933333333333333,1.28,2.82,3.96,5.1,6.12,6.12,6.36,5.54,4.82,5.32,0.7906666666666666,6.181073416657914
hinge,500,6,2,popularity,0.11634429101832211,1456,0.6938585164835165,36.199999999999996,0.7098132427843803,0.8286703296703297,54.400000000000006,0.8808700739975908,0.6315267445979454,35.656,9.41,0.6540182412665634,0.128152,0.554,0.12,0.18,0.22,0.4,0.58,1.04,1.22,5.32,7.48,12.56,0.4889478021978022,18.0,0.8577621718644828,0.27143424340799216,23.244,14.272333333333334,0.7461857751851021,0.186804,0.2534223706176962,0.52,1.84,1.92,2.6,2.92,3.56,3.44,3.92,3.62,4.78,0.48533333333333334,70.98132427843802
hinge,500,6,2,elo,0.08486491604708135,2115,0.6006666666666667,22.7,0.01670601053205012,0.6502401891252955,31.0,0.5244770982261053,0.3181386988866144,25.488,13.352666666666666,0.0018533227429176596,0.17107600000000003,0.3293333333333333,0.36,0.54,0.96,1.48,2.54,3.76,4.24,6.96,9.22,12.24,0.5428510638297872,14.399999999999999,0.28812868801004393,0.07000148268959894,7.554,17.985333333333333,0.02110797237915882,0.238248,0.021333333333333333,0.94,1.58,2.22,3.02,4.24,3.32,5.04,5.66,6.46,9.82,0.705,1.670601053205012
hinge,500,6,2,one_sided_oracle,0.05085137509740889,2699,0.5928725453871805,21.2,0.579471284236879,0.7234020007410152,36.0,0.7991046870614651,0.8377170138888889,38.602,7.68,0.47340724108897,0.12131200000000002,0.6473333333333333,0.18,0.5,0.72,1.0,2.78,4.0,4.88,11.16,14.48,14.28,0.4149677658391997,6.4,0.8494939122325268,0.3981450441390099,28.504,11.932,0.6577897518263303,0.163924,0.39779559118236474,1.34,2.92,3.72,5.28,7.0,6.52,7.26,7.22,6.38,6.34,0.8996666666666666,57.9471284236879
hinge,500,6,2,reciprocal_oracle,0.07035449985414743,4334,0.5226568989386249,10.8,0.2486157632100622,0.6246266728195662,18.6,0.7536351673657373,0.5599620120513492,34.198,10.178666666666667,0.33349782054445265,0.145808,0.513,0.78,1.94,2.48,3.74,6.0,8.74,9.48,15.66,19.36,18.5,0.39118597138901706,3.0,0.48902239897070005,0.2879982946066937,24.318,14.073,0.18825662319433886,0.204704,0.2793333333333333,3.74,6.0,8.56,9.44,11.5,10.72,10.24,9.74,8.06,8.68,1.4446666666666668,24.861576321006222
hinge,1000,13,0,random,0.4277017500717193,10671,0.5282342798238215,7.049999999999999,0.06431700038505968,0.6341397244869272,13.0,0.5971788299412416,0.3492580507208595,59.618,13.130692307692307,0.042748871668227884,0.19146800000000003,0.34907692307692306,1.01,2.28,2.86,5.23,7.56,9.03,11.75,16.23,20.8,29.96,0.3955197263611658,1.0999999999999999,0.3915127981482103,0.1007355937292243,23.486,17.93423076923077,0.07281357979133819,0.281706,0.04323076923076923,3.93,7.84,10.73,11.74,11.99,13.24,13.74,12.52,11.59,9.39,0.8208461538461539,6.4317000385059675
hinge,1000,13,0,popularity,0.8113146249670535,5834,0.6621612958519026,23.65,0.7480703873160385,0.8115581076448406,42.1,0.8659909917139819,0.6842631887658283,79.328,8.917846153846154,0.6603334470236543,0.132195,0.5794615384615385,0.12,0.25,0.4,1.23,2.0,3.23,5.41,9.84,15.18,20.68,0.4229293794994858,5.2,0.8776917355788625,0.26361078496705065,49.843,14.544461538461539,0.8031968535699879,0.20244,0.2512784751278475,1.31,3.11,4.51,4.92,5.99,7.2,7.68,8.6,7.91,7.11,0.44876923076923075,74.80703873160385
hinge,1000,13,0,elo,0.6714190421625972,9194,0.5587573961279095,10.6,0.014133719015365228,0.5943956928431586,17.0,0.4557959260184954,0.3040018523956898,53.829,13.620615384615384,0.00012496875781054737,0.18835600000000002,0.31123076923076926,0.81,1.76,3.07,4.67,7.03,8.11,10.72,14.2,17.0,24.57,0.5175066347618011,4.2,0.2551442716751194,0.0679413812426769,16.004,18.119692307692308,0.01829868658158242,0.254575,0.02276923076923077,2.17,3.73,5.43,5.96,7.43,8.84,11.1,13.2,16.15,17.93,0.7072307692307692,1.4133719015365227
hinge,1000,13,0,one_sided_oracle,0.3808382910210639,12923,0.5609526038845469,11.25,0.5502783113441667,0.6872487038613325,21.5,0.762323773457881,0.8335853856400293,83.231,7.680538461538462,0.4212235967348313,0.133549,0.6476153846153846,0.36,0.96,1.93,5.18,9.29,11.09,17.03,22.16,29.98,31.25,0.3898210167917666,1.0,0.8318585983587846,0.3723327588908037,59.415,12.275,0.6424048731842703,0.183532,0.38188976377952755,3.72,8.13,10.89,12.36,14.3,17.1,18.13,17.43,16.23,10.94,0.9940769230769231,55.02783113441667
hinge,1000,13,0,reciprocal_oracle,0.33379799989052117,18184,0.5003071656401232,4.3,0.23872144211304264,0.6045047294324681,8.1,0.724435129383217,0.5650981974915662,74.207,10.101307692307692,0.30964456908725657,0.15836699999999998,0.516,1.52,3.78,6.11,10.57,16.77,17.77,24.54,27.53,35.34,37.91,0.36589507259128906,0.5,0.48227405770345116,0.26689280652302005,50.277,14.490692307692308,0.19066934386243886,0.22695999999999997,0.2650769230769231,7.6,14.88,18.62,21.43,21.11,22.52,22.42,20.62,18.15,14.49,1.3987692307692308,23.872144211304263
hinge,1000,13,1,random,0.45044958405196667,10584,0.5440232426303855,9.3,0.06094489530229106,0.6477857142857143,16.3,0.616462042180373,0.35386328946825624,60.046,13.052846153846154,0.04285778801427088,0.189298,0.3533076923076923,0.87,1.65,2.74,4.23,7.73,7.44,10.66,16.31,20.03,34.18,0.4157598261526833,2.3,0.39643063651200744,0.09588080175627753,22.143,17.764846153846154,0.0676148286313826,0.28013599999999994,0.03661538461538461,3.75,6.65,8.98,11.98,11.51,12.72,12.38,16.42,11.95,9.5,0.8141538461538461,6.094489530229106
hinge,1000,13,1,popularity,0.9572519999928772,5854,0.6772491458831568,26.650000000000002,0.7470865995208299,0.8194923129484113,45.5,0.8743758146855264,0.69556458676383,79.414,8.782461538461538,0.6629471942533143,0.13029500000000002,0.586,0.13,0.22,0.44,0.67,2.51,1.98,4.65,8.55,14.5,24.89,0.4514400409976085,7.8,0.878032613896794,0.2668781199683359,49.559,14.284538461538462,0.7995945299317501,0.199246,0.25100650356147414,1.58,2.46,3.66,5.76,5.95,7.2,7.42,9.53,8.21,6.77,0.4503076923076923,74.708659952083
hinge,1000,13,1,elo,0.6343554160557687,9197,0.5741670109818419,12.7,0.014233439940069727,0.609543438077634,18.3,0.48362138247621583,0.3103556509233684,54.383,13.479076923076923,0.0010644667686780652,0.185802,0.31646153846153846,0.69,1.4,2.32,3.86,7.14,7.68,10.19,14.63,17.88,26.18,0.5327994998369033,7.1,0.26640985234356324,0.06468841452917887,15.031,17.873846153846152,0.01787323244396227,0.25189100000000003,0.02053846153846154,2.01,3.3,4.54,6.39,6.43,9.05,10.35,15.79,15.85,18.26,0.7074615384615385,1.4233439940069728
hinge,1000,13,1,one_sided_oracle,0.46681470796465874,12596,0.5744535963798031,13.0,0.552455144700201,0.6976344871387742,24.099999999999998,0.7809427634724404,0.8387229971297648,83.281,7.638076923076923,0.43330373608360084,0.131804,0.6458461538461538,0.3,0.87,1.93,3.24,8.28,8.86,14.89,24.51,31.02,32.06,0.40459320419180694,1.9,0.8309453176594902,0.3683316771280142,58.564,12.230615384615385,0.6362435609562805,0.18326699999999999,0.3728134391615936,3.91,7.76,10.36,13.37,12.98,14.99,15.8,20.39,16.76,9.64,0.9689230769230769,55.2455144700201
hinge,1000,13,1,reciprocal_oracle,0.35510487481951714,17703,0.5132640795345421,6.1,0.253520448691717,0.6200440038411569,11.5,0.7401767282078068,0.5814831502571353,74.852,9.902,0.3096409988548928,0.156091,0.5257692307692308,1.35,2.9,5.09,8.11,15.65,15.3,21.39,32.13,37.45,37.66,0.3743212449867254,0.7000000000000001,0.5110597712819964,0.26794528806661894,49.777,14.290230769230769,0.21619996793672847,0.223928,0.2579230769230769,8.29,13.96,17.73,21.01,19.11,21.51,20.28,22.79,18.37,13.98,1.3617692307692308,25.352044869171703
hinge,1000,13,2,random,0.3860587920062244,10943,0.5365908343233117,7.7,0.05861699595334444,0.6323115233482591,14.2,0.6113959644807604,0.3515512455641053,60.033,13.135846153846154,0.03622795680993872,0.192049,0.35223076923076924,0.78,1.65,2.73,4.79,6.56,10.61,11.18,16.36,21.45,33.32,0.4175320296079686,1.2,0.39435925241117387,0.10232401395773434,23.987,18.03246153846154,0.06756284043775923,0.283502,0.046538461538461535,3.19,8.31,10.0,10.73,12.5,13.17,12.43,14.41,13.37,11.32,0.8417692307692307,5.861699595334445
hinge,1000,13,2,popularity,0.8511690001469105,5892,0.6716387474541752,25.35,0.7487337054895579,0.815560420909708,43.0,0.8714358230882239,0.70014309417001,79.754,8.762384615384615,0.6681551070903889,0.130492,0.5907692307692308,0.07,0.25,0.49,0.72,1.08,3.79,3.59,8.0,14.16,26.77,0.4388102511880516,7.7,0.8795072096697344,0.2802171016282622,51.732,14.201076923076924,0.8010005767735787,0.198012,0.2750794019676195,0.97,2.93,4.01,4.65,6.41,6.59,8.24,8.98,8.09,8.05,0.4532307692307692,74.87337054895579
hinge,1000,13,2,elo,0.6111650420352817,9589,0.5719979664198561,11.5,0.014387173897756839,0.5978814266346856,16.1,0.4661427526068663,0.30870195753133234,54.706,13.631769230769232,0.00036587596804683214,0.188693,0.3213076923076923,0.91,1.53,2.7,4.35,5.96,9.51,10.63,14.22,18.81,27.27,0.5423455000521431,6.9,0.2547981208642562,0.06923849895291495,16.399,18.219076923076923,0.01859028260154279,0.256105,0.025538461538461538,1.77,4.13,5.17,5.72,7.13,9.21,10.17,14.89,16.66,21.04,0.7376153846153846,1.438717389775684
hinge,1000,13,2,one_sided_oracle,0.40051762480288744,12832,0.5685399392144639,12.3,0.558575718814304,0.6919925187032419,22.8,0.7784609271523178,0.841744252902549,83.448,7.625923076923077,0.43369205298013247,0.132661,0.6507692307692308,0.32,0.64,2.0,4.26,6.12,12.93,14.35,21.99,30.21,35.5,0.40158961970074813,1.7999999999999998,0.8395452018023201,0.383248730964467,60.4,12.123076923076923,0.6489670213785831,0.18117200000000003,0.3962845910737686,3.08,8.28,10.06,12.61,13.7,15.1,16.36,19.45,17.39,12.29,0.9870769230769231,55.8575718814304
hinge,1000,13,2,reciprocal_oracle,0.3484195419587195,18175,0.5042298486932599,4.95,0.2499940770925632,0.610106795048143,9.700000000000001,0.7259160997732427,0.5777315777315777,75.03,9.99,0.30065701494272923,0.158241,0.5237692307692308,1.69,2.64,5.07,9.05,12.63,20.73,22.61,28.01,35.82,43.5,0.36775873452544705,0.2,0.5029276289484206,0.277085917739363,51.597,14.324076923076923,0.21515393842463015,0.224082,0.2783846153846154,7.13,16.21,18.81,19.1,19.74,21.79,19.96,22.58,19.37,17.06,1.398076923076923,24.999407709256317
hinge,2000,27,0,random,2.80353229213506,45541,0.5242915394918864,4.775,0.06016960598649934,0.6385420280626248,9.25,0.6071464515731411,0.35766373358525677,125.315,12.976703703703704,0.03205859090115353,0.19699275,0.35762962962962963,1.235,3.635,7.06,9.355,12.935,17.975,24.965,33.27,45.645,71.63,0.3800153817439231,0.3,0.38695074013486014,0.10051116119593756,48.6765,17.936648148148148,0.07108885608267167,0.29325125,0.04225925925925926,8.445,15.95,21.38,23.86,28.445,28.185,29.27,26.13,25.015,21.025,0.8433518518518518,6.016960598649934
hinge,2000,27,0,popularity,6.1868199170567095,22278,0.6680510144537212,21.25,0.7723494300783357,0.8265373013735524,39.25,0.8666092288864002,0.7317172149120414,167.688,8.487796296296297,0.6726299325706779,0.13149425,0.6013225651094728,0.13,0.305,0.745,1.045,2.545,4.675,10.295,16.265,26.85,48.535,0.40124194272376335,3.25,0.8877698076189113,0.27840792485594756,105.8145,14.076666666666666,0.8352744382424503,0.20163275000000003,0.2687688531654582,2.76,5.9,8.235,9.285,12.845,12.77,14.675,15.29,15.805,13.825,0.41255555555555556,77.23494300783356
hinge,2000,27,0,elo,4.545896125026047,38666,0.5541154567320126,6.525,0.01936717994799112,0.5923459111363989,11.25,0.4661691607375105,0.3139728580421176,114.2205,13.473740740740741,0.0029684033356284904,0.19371625,0.3204814814814815,1.105,3.095,6.495,8.82,12.875,17.565,23.295,28.92,38.43,52.73,0.5106119846893912,1.7999999999999998,0.24732454988377742,0.0667263601538826,32.6775,18.137925925925927,0.024058728511957134,0.26263075,0.02101851851851852,4.305,7.97,10.095,12.1,17.345,18.775,23.055,27.095,34.47,38.12,0.716037037037037,1.9367179947991122
hinge,2000,27,0,one_sided_oracle,3.0845358329825103,53555,0.5551659322192138,9.049999999999999,0.5442931104493773,0.6815476332742041,17.45,0.765491382627705,0.8464933479799829,173.383,7.586111111111111,0.4087827603428936,0.13807824999999996,0.6493535361019523,0.43,1.88,5.675,8.2,13.45,21.82,35.12,49.17,63.655,68.375,0.38375668938474466,0.65,0.8280336192129563,0.3704556346187677,122.137,12.210888888888888,0.6397513020307642,0.18990425,0.3819083345713861,7.885,17.02,22.005,26.36,33.125,34.54,36.055,34.485,33.675,22.625,0.9917592592592592,54.429311044937734
hinge,2000,27,0,reciprocal_oracle,2.5293423749972135,73387,0.4937829077357025,3.1,0.23703950690571,0.6005497090765395,6.1,0.7287511721749749,0.5717209894029522,154.5965,10.015018518518518,0.3054284937491951,0.16482425,0.5207222222222222,2.325,6.345,13.96,17.665,26.305,35.53,49.74,60.785,75.79,78.49,0.35504278005641327,0.1,0.4794325631563457,0.2726508987012041,104.8265,14.239685185185186,0.1906673178241422,0.23354,0.27316666666666667,16.555,30.23,37.045,40.67,47.0,44.955,43.575,39.08,36.65,31.175,1.3590185185185186,23.703950690571
hinge,2000,27,1,random,2.787336917128414,44280,0.5316979844173442,4.9750000000000005,0.0646211374572439,0.6412083333333334,9.65,0.6148866207077803,0.3464453067799092,123.0255,13.152148148148148,0.04743806164016618,0.19928075,0.34524074074074074,1.24,3.35,6.73,8.46,12.37,14.71,25.455,36.575,41.45,71.06,0.39331470189701895,0.3,0.39625680651572237,0.10205241625180267,49.4645,17.95174074074074,0.07152988608052802,0.292478,0.044333333333333336,6.845,15.165,19.575,24.44,25.61,28.07,27.055,29.005,25.735,19.9,0.82,6.46211374572439
hinge,2000,27,1,popularity,6.438884166069329,20576,0.6700927172433904,20.875,0.7744028920332976,0.8210701302488336,38.1,0.8713935759963378,0.7250603740483642,167.382,8.550092592592593,0.6882927122492105,0.1318395,0.5966397451096621,0.135,0.31,0.71,0.95,2.295,2.695,9.97,17.59,24.98,43.245,0.42230812597200623,3.65,0.8877768487651002,0.2865028992476661,108.1335,13.978722222222222,0.8300325005078204,0.20060525,0.2813172823095501,2.11,5.025,6.535,8.46,10.49,12.885,13.585,15.775,14.965,13.05,0.38103703703703706,77.44028920332975
hinge,2000,27,1,elo,4.519859875086695,38374,0.566187060249127,7.124999999999999,0.01747377556150948,0.6048102100380466,11.95,0.4744612199132905,0.3023339813232793,111.744,13.689055555555555,0.0022873374196441918,0.19676225,0.30753703703703705,1.17,3.14,6.665,7.83,11.615,14.2,22.99,31.09,37.015,56.155,0.5217490227758378,2.3,0.25759847061139746,0.06826945255839492,33.445,18.144333333333332,0.022019079324169532,0.2626025,0.024444444444444446,3.5,7.12,9.595,12.805,14.675,19.065,22.975,29.59,34.545,38.0,0.7106296296296296,1.7473775561509481
hinge,2000,27,1,one_sided_oracle,3.248751290841028,50437,0.5634076570771458,9.8,0.55958944222303,0.6909732636754763,19.1,0.7781940303016875,0.8362333377645111,172.9895,7.661759259259259,0.4413040763463948,0.13762875,0.6448141081451568,0.38,1.8,5.265,6.22,12.85,16.24,34.04,51.765,58.905,64.72,0.38910967147134046,0.5,0.8304344497787438,0.3783212477558622,124.1185,12.151,0.6444581896589099,0.18872724999999999,0.3914966365629762,6.495,14.67,19.665,26.24,28.645,32.73,33.895,37.56,32.015,20.27,0.9340185185185185,55.958944222302996
hinge,2000,27,1,reciprocal_oracle,2.5726607078686357,70655,0.5040398061000637,3.15,0.2504349771805763,0.6130219588139552,6.2,0.7347487554419837,0.5617098331870062,153.549,10.124444444444444,0.3219761499148211,0.16579125000000003,0.5132592592592593,2.175,6.515,13.835,15.18,23.09,27.665,49.34,66.48,71.115,77.88,0.36266792866746866,0.1,0.49129466489524515,0.27356968829211836,105.66,14.304703703703703,0.2012061296393985,0.233785,0.2750740740740741,13.51,28.23,34.8,40.865,43.28,44.87,41.505,43.035,34.615,28.565,1.3084259259259259,25.04349771805763
hinge,2000,27,2,random,2.7747836250346154,46358,0.5313825121877561,4.3999999999999995,0.05556691441785191,0.6503471892661461,8.35,0.6182844644400386,0.35060224501955833,124.451,13.146796296296296,0.042966803924559,0.1992665,0.35409259259259257,1.71,4.405,6.02,8.95,12.27,17.275,22.93,32.305,46.535,79.39,0.3780783683506622,0.44999999999999996,0.39016574394741704,0.10083410736364251,49.1775,18.063222222222223,0.060545917670408435,0.2950545,0.04287037037037037,8.45,16.06,20.535,24.765,26.275,29.23,29.38,28.745,26.325,22.025,0.8584814814814815,5.5566914417851905
hinge,2000,27,2,popularity,6.271386625012383,22327,0.67345964527254,20.549999999999997,0.7697948170013944,0.8267213463519506,37.7,0.871396849098561,0.7218442590231072,167.269,8.58238888888889,0.6840323084557,0.132559,0.6000852025412584,0.175,0.48,0.61,1.16,2.505,3.8,5.505,15.735,28.14,53.525,0.41224613696421375,3.4000000000000004,0.8874450854611434,0.28877036565302766,108.826,13.957777777777778,0.8255923093938506,0.20070425,0.2880499850344208,2.6,5.495,7.5,9.33,11.52,13.555,14.955,15.61,16.08,14.99,0.413462962962963,76.97948170013944
hinge,2000,27,2,elo,4.404604958137497,38967,0.569902597069315,6.4750000000000005,0.017585142712304463,0.6113804116303538,10.5,0.4792560713907905,0.3039862345856037,112.89,13.754277777777778,0.0028864608363180244,0.19747950000000003,0.31357407407407406,1.54,4.005,5.14,8.21,11.685,16.36,20.595,28.645,37.965,60.69,0.5227219570405728,2.45,0.24858949419789175,0.06737128684645646,33.0855,18.18859259259259,0.021892993179200994,0.2634565,0.024296296296296295,4.295,6.96,9.515,12.24,15.1,18.535,23.485,28.96,33.94,41.805,0.7216111111111111,1.7585142712304465
hinge,2000,27,2,one_sided_oracle,3.2312837499193847,52097,0.5625111570723842,8.725,0.5453671167005734,0.6938321880338599,16.900000000000002,0.7802972962124496,0.8288363036430257,172.819,7.722518518518519,0.44004383218534754,0.138618,0.6442793902461612,0.685,2.885,3.825,7.805,11.975,19.675,29.33,47.42,64.61,72.275,0.3791131255158646,0.5499999999999999,0.8264838935533708,0.37995568007296165,124.566,12.142351851851853,0.6212829607855618,0.19050675,0.39395007887167116,7.7,15.95,21.28,25.74,30.435,32.92,36.025,35.23,33.695,21.51,0.9647592592592592,54.536711670057336
hinge,2000,27,2,reciprocal_oracle,2.6907805411610752,71989,0.4988952339940824,2.4250000000000003,0.25114068550451957,0.6099431927099973,4.65,0.7457405983366018,0.5604243912033159,153.869,10.168814814814814,0.3369106847827613,0.16599675000000003,0.5156481481481482,3.305,8.5,10.71,17.335,23.32,32.7,44.695,62.11,74.185,83.085,0.35185506813540957,0.2,0.484099022545152,0.2785162416425835,106.8295,14.206166666666666,0.19159154865502473,0.233586,0.2838148148148148,17.13,28.08,35.265,40.565,41.935,44.845,43.7,40.03,37.585,30.81,1.3331296296296296,25.114068550451957
