stage,stage_i,seed,ranker,seconds,matches,gini_matches,zero_match_pct,dead_like_share,a_gini_matches,a_zero_match_pct,a_gini_likes_received,a_like_rate,a_likes_sent_per_user,a_views_per_user_day,a_dead_like_share,a_exposure,a_cap_hit_share,a_u_decile_0,a_u_decile_1,a_u_decile_2,a_u_decile_3,a_u_decile_4,a_u_decile_5,a_u_decile_6,a_u_decile_7,a_u_decile_8,a_u_decile_9,b_gini_matches,b_zero_match_pct,b_gini_likes_received,b_like_rate,b_likes_sent_per_user,b_views_per_user_day,b_dead_like_share,b_exposure,b_cap_hit_share,b_u_decile_0,b_u_decile_1,b_u_decile_2,b_u_decile_3,b_u_decile_4,b_u_decile_5,b_u_decile_6,b_u_decile_7,b_u_decile_8,b_u_decile_9
classroom,0,0,random,2.5300693749450147,32036,0.5340989901985267,6.675000000000001,0.05136456691753686,0.654284211512049,12.7,0.6040682995546669,0.4041106498110743,108.2865,9.924537037037037,0.009706443697173498,0.146923,0.10233333333333333,0.915,2.505,4.865,6.52,9.305,12.485,17.325,23.11,31.925,51.225,0.38159586090648023,0.65,0.356391237596561,0.10187962962962963,27.5075,10.0,0.06194678006953776,0.18250725,0.0,6.225,12.055,14.825,16.44,20.13,19.59,19.8,18.41,17.905,14.8
classroom,0,0,popularity,3.5674237911589444,10502,0.7631188821176919,32.9,0.9346375799456003,0.8172011997714721,43.95,0.8947946385229575,0.7409407120724174,182.4485,9.119962962962964,0.9240499266277208,0.12556225000000001,0.5787777777777777,0.105,0.23,0.515,0.725,1.095,2.02,3.67,5.67,11.61,26.87,0.6967119596267377,21.85,0.878080958462251,0.3336485709126314,89.6115,9.947425925925925,0.9398378172470587,0.13825975,0.04711111111111111,0.635,1.335,1.52,1.875,2.46,2.935,3.595,6.75,10.97,20.435
classroom,0,0,elo,2.9981700838543475,25461,0.5798850202270138,9.475,0.043911194683647084,0.6286579278111621,16.0,0.47795715344307416,0.36906504049748134,98.1045,9.845148148148148,0.002593553167839941,0.136634,0.12587037037037038,0.595,1.845,3.645,4.815,7.28,10.36,14.095,19.095,26.185,39.39,0.5225469345273163,2.9499999999999997,0.2653543542854813,0.06997498115716315,18.893,9.99987037037037,0.0518681609915957,0.14761824999999998,0.00012962962962962963,3.505,5.78,6.935,7.75,10.235,11.265,12.81,16.64,23.105,29.28
classroom,0,0,one_sided_oracle,1.7498932089656591,66935,0.5855715955777994,9.275,0.5706534200641094,0.7000190259206693,18.099999999999998,0.768977198238389,0.8774199141705319,202.412,8.544074074074073,0.43112533315918583,0.14869175,0.8514814814814815,0.37,1.865,5.685,8.175,13.545,22.695,37.26,55.295,79.89,109.895,0.4290643684171211,0.44999999999999996,0.808208473311859,0.46679863886994194,122.5015,9.719592592592592,0.6550970298203663,0.157332,0.2522962962962963,7.15,15.9,21.94,26.465,36.1,38.8,42.875,45.865,51.395,48.185
classroom,0,0,reciprocal_oracle,1.859010666841641,96279,0.5467632895023837,4.1000000000000005,0.22782870995506913,0.6506538653288879,8.1,0.7405917477636618,0.6120481973673418,160.4365,9.708537037037036,0.25432053553637113,0.15396050000000003,0.3243888888888889,1.985,6.41,14.225,18.665,27.765,39.025,56.125,74.31,101.55,141.335,0.41400236292441756,0.1,0.47640116338863037,0.3458621267718442,92.8415,9.942037037037037,0.21249840279487522,0.17490825000000002,0.07061111111111111,15.68,32.455,42.69,48.99,60.58,59.845,61.31,56.44,55.92,47.485
classroom,0,1,random,2.511543208034709,31365,0.539945751633987,7.000000000000001,0.049546782530526634,0.6547362187151283,13.200000000000001,0.611967309943595,0.3926467983555974,105.301,9.932685185185186,0.01649579623257299,0.14725575000000005,0.09157407407407407,0.935,2.845,4.835,5.615,8.65,10.35,17.94,25.49,29.255,50.91,0.3940210903873745,0.8,0.3658745121128954,0.10440428372750218,28.189,9.999944444444445,0.05839450717467071,0.18128125,3.7037037037037037e-05,5.245,11.235,13.86,17.195,18.575,19.77,18.48,19.795,17.89,14.78
classroom,0,1,popularity,3.517416500020772,10662,0.7730419480397674,34.300000000000004,0.9343595342066958,0.82355899456012,45.75,0.896090678092241,0.731748987854251,180.742,9.148148148148149,0.9251578813072785,0.12597000000000003,0.5632962962962963,0.06,0.245,0.56,0.63,1.035,1.62,3.33,6.535,10.76,28.535,0.71069874320015,22.85,0.8794975130296223,0.3503430499787689,94.058,9.94348148148148,0.9391480674110058,0.13811975,0.05151851851851852,0.5,1.26,1.535,2.11,2.21,2.835,4.8,6.805,11.115,20.14
classroom,0,1,elo,2.9828821250703186,25279,0.5938697634400095,10.725,0.03920947782263384,0.6413868626132363,18.099999999999998,0.4899452709051049,0.35523416055596574,94.539,9.856722222222222,0.0030274558930994885,0.1368065,0.11724074074074074,0.625,1.745,3.795,4.405,6.84,8.25,14.115,20.37,23.85,42.4,0.5378758851220381,3.35,0.27114123271877216,0.07095778941188889,19.158,9.999685185185186,0.04654163890034801,0.1472835,0.0004074074074074074,2.98,5.235,6.19,8.375,9.025,11.27,12.925,17.31,23.56,29.525
classroom,0,1,one_sided_oracle,1.8886576660443097,64858,0.5953232330629992,10.0,0.58248823500576,0.7070521138487157,19.35,0.7805301653090944,0.8704299123580356,201.414,8.570222222222222,0.4602129974875578,0.14779000000000003,0.8405370370370371,0.355,1.865,5.355,6.455,13.335,16.97,37.085,59.425,72.625,110.82,0.44144699188997505,0.65,0.8115448926092526,0.4777455614402933,124.978,9.68887037037037,0.6583603920283595,0.15661475,0.2702407407407407,5.625,13.93,19.395,27.86,30.625,37.4,41.355,49.93,50.36,47.81
classroom,0,1,reciprocal_oracle,1.8841927910689265,94489,0.5551196673686885,4.375,0.23718075824873097,0.6567312861814603,8.6,0.7459487021145775,0.6045642663333435,158.6425,9.718814814814815,0.2685486673617237,0.15370875,0.3129074074074074,1.955,6.465,14.325,16.285,25.54,31.13,57.31,81.3,92.965,145.17,0.42496632941400586,0.15,0.488340528231716,0.3482636626012476,93.5175,9.94537037037037,0.21868982145389793,0.174255,0.0692962962962963,12.58,29.84,39.815,51.06,54.79,60.68,57.925,63.47,55.045,47.24
classroom,0,2,random,2.538112875074148,32770,0.5420962694537687,6.25,0.045118588798889664,0.6652581324382056,11.85,0.6152155851159447,0.3960229338554048,106.1985,9.931944444444444,0.014380729822038469,0.14708225,0.09505555555555556,1.39,3.215,4.07,6.115,8.08,12.25,15.4,22.86,33.2,57.27,0.38285270064083005,0.65,0.35908928327612916,0.10301851851851852,27.815,10.0,0.053169300884664095,0.18196474999999998,1.8518518518518518e-05,6.52,10.92,14.465,17.92,18.97,20.745,20.2,20.14,18.71,15.26
classroom,0,2,popularity,3.685745249968022,11229,0.779273488289251,33.625,0.9323775823016256,0.8278652150681272,44.3,0.8972433202461799,0.7314714489686389,180.5875,9.143796296296296,0.9239335738539898,0.12589275,0.5675,0.09,0.345,0.43,0.78,1.105,1.8,2.945,5.675,11.535,31.44,0.7194988422833735,22.95,0.8783173267806464,0.3512603851787798,94.24,9.936703703703703,0.9367841074271475,0.13817025000000002,0.056407407407407406,0.68,1.19,1.64,1.965,2.295,3.345,4.485,7.975,10.74,21.83
classroom,0,2,elo,2.8943691668100655,25695,0.5977455438801323,9.475,0.03871682864137621,0.6451899007589025,15.85,0.49220172014468994,0.358480848968299,95.362,9.852481481481481,0.003330991230124652,0.13678,0.11877777777777777,0.88,2.235,2.96,5.24,6.685,9.315,12.27,18.37,25.565,44.955,0.5429159564117533,3.1,0.2682211677607433,0.07116256071882945,19.2135,9.999796296296296,0.04584635389358445,0.1474585,0.00022222222222222223,3.825,4.92,6.405,7.375,8.935,10.84,13.235,17.625,22.2,33.115
classroom,0,2,one_sided_oracle,1.8996055000461638,67142,0.597887037919633,8.774999999999999,0.5683254416874663,0.7142787673885198,16.950000000000003,0.7829270395917831,0.8697991941843006,201.3085,8.571944444444444,0.45908477585088303,0.1480915,0.8429444444444445,0.69,2.8,3.935,7.765,12.325,20.88,31.3,53.165,81.865,120.985,0.4356452146197611,0.6,0.8070097921846321,0.48044480140745416,125.6195,9.68388888888889,0.6364932429579476,0.15871425,0.27544444444444444,6.825,14.37,20.735,26.825,32.61,38.57,44.265,48.77,52.43,50.31
classroom,0,2,reciprocal_oracle,1.9555051671341062,97125,0.5570033307593307,3.325,0.2360496623760702,0.6646172715572716,6.35,0.7577900003664595,0.6055290276813705,158.7685,9.711037037037038,0.2792840427815325,0.1536825,0.3182037037037037,2.895,8.52,11.19,17.985,24.97,36.475,48.965,73.36,104.305,156.96,0.4164470785070785,0.3,0.4811478394643774,0.3562022153433036,95.5085,9.93074074074074,0.21004166443595548,0.17488599999999999,0.0825,16.42,30.115,40.74,50.51,54.07,61.94,62.165,61.59,58.52,49.555
+scrolling,1,0,random,2.828660957980901,46711,0.5237466067949733,4.775,0.08604223002128761,0.6391546423754576,9.15,0.6037814745972738,0.35795083921044707,125.39,12.974055555555555,0.04852333746385791,0.19648374999999998,0.359,1.345,3.495,6.99,9.33,13.47,18.425,24.92,34.235,46.16,75.185,0.3784427329751022,0.4,0.38772523725974956,0.099971920319778,48.42,17.93837037037037,0.10053034532259351,0.29172225,0.04301851851851852,8.16,16.76,20.795,23.86,28.685,28.915,30.105,27.16,26.82,22.295
+scrolling,1,0,popularity,5.232423332985491,30543,0.713914833186,22.375,0.8378398105199388,0.8113063386045902,37.05,0.8661966757636537,0.7291947710598004,167.5675,8.511037037037037,0.765227275929936,0.1260695,0.6007592592592592,0.12,0.31,0.875,1.23,3.005,6.48,13.46,23.605,40.195,63.435,0.5573626199129097,7.7,0.8884467915914482,0.27501672906154484,106.4455,14.335222222222223,0.8839661628895819,0.19972125,0.26451851851851854,1.095,3.265,5.34,7.11,11.75,13.96,17.7,23.57,30.86,38.065
+scrolling,1,0,elo,4.727504583075643,38582,0.5557045902234202,6.875000000000001,0.04616812390367278,0.593882872842258,11.65,0.4688014125848468,0.3145343145343145,114.376,13.468,0.013422613587720908,0.19342250000000002,0.3226851851851852,1.025,3.135,6.55,8.925,12.12,17.495,23.005,29.365,38.735,52.555,0.511909646985641,2.1,0.24799626669930755,0.06680692867064303,32.706,18.131851851851852,0.05553175491361824,0.26162300000000005,0.022074074074074072,4.155,7.85,9.94,12.175,16.955,18.995,22.665,27.2,34.615,38.36
+scrolling,1,0,one_sided_oracle,2.014768583001569,68109,0.580509917925678,9.325,0.5511949541129517,0.6944553362991676,17.8,0.7645074655772062,0.8481155567068001,173.5325,7.57812962962963,0.42485291059655306,0.13613975000000003,0.6501111111111111,0.41,1.925,5.855,8.655,14.24,23.565,38.24,56.735,81.115,109.805,0.4255323011643101,0.8500000000000001,0.8279421794188409,0.37045165500095156,122.6295,12.260259259259259,0.6404765677898953,0.185637,0.38112962962962965,6.285,15.11,21.22,26.565,36.48,40.325,44.33,47.205,52.615,50.41
+scrolling,1,0,reciprocal_oracle,2.0833020419813693,98411,0.5391660764548678,3.5999999999999996,0.23296380608575007,0.637048678501387,7.1,0.7194863197717747,0.5703516938672297,154.502,10.032925925925927,0.2762580161295682,0.16222725,0.5199259259259259,2.085,6.785,15.15,20.04,29.74,41.395,58.865,76.905,102.835,138.255,0.41503729765981445,0.1,0.4782640839600782,0.2747084949183838,105.3345,14.201518518518519,0.20344720456693116,0.22918650000000002,0.2755185185185185,15.465,32.135,42.595,49.24,61.345,61.265,62.97,58.385,58.115,50.54
+scrolling,1,1,random,2.8455482500139624,45567,0.5318963120240525,4.825,0.08787509162709438,0.6445191366559133,9.35,0.6127008065005154,0.34623957742972983,123.1015,13.168092592592593,0.06418652598387,0.1991635,0.34494444444444444,1.275,3.525,6.995,8.39,12.73,14.5,26.07,36.185,42.43,75.735,0.3895508043101367,0.3,0.39778216553007073,0.10203795408467378,49.473,17.95737037037037,0.09739523888823451,0.29122975,0.04446296296296296,6.685,14.825,19.44,24.075,25.86,28.71,28.315,30.19,26.965,22.77
+scrolling,1,1,popularity,5.383513208013028,30892,0.72126025346368,23.025000000000002,0.8366818719500505,0.8164539686650265,37.15,0.8710915621280103,0.7225525185575652,167.229,8.571925925925926,0.772575771449501,0.12670475,0.5949814814814814,0.125,0.31,0.735,1.0,3.17,3.385,13.565,25.04,41.265,65.865,0.5694121455392982,8.9,0.8882124063410054,0.2854327621715994,109.21,14.170814814814815,0.8785467831536397,0.19775225,0.2791111111111111,1.015,2.895,4.87,7.83,10.85,14.42,18.175,25.22,31.205,37.98
+scrolling,1,1,elo,4.721330832922831,38506,0.5656034643951592,6.825,0.041689201525365926,0.6037649197527658,11.65,0.47557565593321405,0.3018383918972826,111.6055,13.694537037037037,0.016323792486583184,0.19658025,0.30742592592592594,1.055,3.125,6.625,7.83,12.165,14.58,23.475,30.95,36.05,56.675,0.5220302809951696,2.0,0.2583262137618666,0.06846379012602727,33.54,18.144222222222222,0.049312085873904066,0.261817,0.024037037037037037,3.5,7.085,9.34,13.215,14.73,18.81,22.945,29.82,34.815,38.27
+scrolling,1,1,one_sided_oracle,2.166272332891822,65850,0.5911894343204253,10.225,0.5651228947611335,0.7025747760060744,19.25,0.7771979512946262,0.8388041778238322,173.229,7.648851851851852,0.45460888534227295,0.13572475,0.6459814814814815,0.37,1.89,5.5,6.755,13.795,17.605,38.19,60.515,74.09,110.54,0.43830112376613517,1.2,0.8304509724122404,0.37834438583156205,124.6885,12.206055555555556,0.6446697723822223,0.18458,0.39072222222222225,5.09,12.96,18.82,27.39,31.485,38.075,43.02,51.155,51.78,49.475
+scrolling,1,1,reciprocal_oracle,2.0917062910739332,96352,0.5480815343739621,4.375,0.24447510888120352,0.6438744084191299,8.55,0.725471533832393,0.5607079012575619,153.535,10.14161111111111,0.29298508937435597,0.16309475,0.5136111111111111,2.05,6.8,15.245,17.505,27.145,33.11,59.815,83.49,94.67,141.93,0.4263123546994354,0.2,0.4893992151626665,0.2758356197096454,106.2665,14.268629629629629,0.2108997948350539,0.22967075,0.2775185185185185,12.265,29.415,39.735,51.31,55.28,61.91,59.675,65.585,57.09,49.495
+scrolling,1,2,random,2.8072547919582576,47382,0.5354819235152589,4.3,0.07978729549865976,0.6543770419146512,8.200000000000001,0.6159711332712213,0.3495589286015674,124.2675,13.166592592592593,0.05871632897525417,0.19902725000000002,0.35338888888888886,1.845,4.53,5.81,8.895,12.2,17.445,22.69,32.825,47.305,83.365,0.38265746486007346,0.4,0.3907548775826342,0.10020868045010957,48.8365,18.049925925925926,0.08806807894260366,0.29334249999999995,0.043222222222222224,8.465,15.365,20.325,24.64,26.085,30.66,30.045,30.12,27.69,23.515
+scrolling,1,2,popularity,5.289980249945074,31781,0.7239021349233818,23.1,0.8347703330947371,0.8188245020609798,37.65,0.8717815248462119,0.71966970874747,167.2955,8.609685185185185,0.7697820668206453,0.12734,0.5985,0.12,0.395,0.595,1.44,2.75,4.575,9.685,23.045,42.83,73.47,0.567339715553318,8.55,0.8878749293914062,0.28590575943615193,109.3225,14.161944444444444,0.8772381803455562,0.19769499999999998,0.2838148148148148,0.96,3.275,4.99,7.45,11.23,14.385,18.885,25.155,31.32,41.255
+scrolling,1,2,elo,4.58996183401905,39098,0.5668476264770577,6.3,0.040849929969596556,0.6089875696966597,10.35,0.4786584652624299,0.3043918205218945,113.1085,13.762537037037037,0.01378677852449897,0.1973545,0.31183333333333335,1.475,4.065,5.215,8.825,11.08,16.405,21.325,28.675,38.78,59.645,0.5184869814312753,2.25,0.2476148277980877,0.06769681418973592,33.2565,18.194685185185186,0.048807118828381596,0.26274424999999996,0.024314814814814813,4.395,6.99,9.73,12.49,15.025,18.4,23.205,28.985,34.63,41.64
+scrolling,1,2,one_sided_oracle,2.161788625176996,67940,0.593839785104504,8.825,0.5508015650601824,0.7095474977921695,16.75,0.7793693237255874,0.8316417594930323,173.0975,7.70887037037037,0.4520745693309234,0.13677424999999999,0.6450925925925926,0.69,3.005,4.055,8.305,12.63,21.455,31.84,53.93,82.495,121.295,0.43339542243155726,0.8999999999999999,0.8263613671485723,0.3801176790684171,125.038,12.183166666666667,0.6221175926862028,0.186154,0.3937037037037037,5.845,14.075,20.115,26.32,33.745,38.855,45.71,49.19,53.51,52.335
+scrolling,1,2,reciprocal_oracle,2.134959500050172,98627,0.5497065991057215,3.1,0.24382937727801177,0.651021510336926,5.8999999999999995,0.7377597299110887,0.5591435974362471,153.7575,10.184722222222222,0.3024194299986952,0.163493,0.5150370370370371,3.1,9.005,11.815,19.285,26.475,38.715,51.455,75.56,104.625,153.1,0.41871723260364807,0.3,0.48276981122872054,0.28047145176088645,107.298,14.169,0.20294294587255907,0.22951825000000003,0.28583333333333333,16.085,29.565,40.525,50.565,54.67,62.315,63.58,63.0,60.84,51.99
+newest_first,2,0,random,2.7835854589939117,44780,0.5219505806163466,4.8500000000000005,0.08491468871511462,0.6356234702992407,9.35,0.6034871835850905,0.3591312485511747,125.488,12.941518518518519,0.046079290611950305,0.19608875,0.3589074074074074,1.285,3.55,7.28,9.305,13.015,17.63,24.445,33.19,44.48,69.72,0.37951735149620364,0.35000000000000003,0.3868556953652939,0.10009556993118139,48.4925,17.943037037037037,0.09992190488333545,0.291831,0.0425,8.44,16.405,20.695,23.5,28.33,27.95,28.19,25.745,24.525,20.12
+newest_first,2,0,popularity,5.143034999957308,19099,0.6635188360647154,21.325,0.843905387714823,0.8049344730090581,38.550000000000004,0.8665577981350606,0.7335273604446891,167.856,8.475333333333333,0.7748022424233909,0.1257605,0.6023888888888889,0.105,0.295,0.75,1.19,2.595,4.97,9.895,16.765,26.93,32.0,0.4325725692444631,4.1000000000000005,0.8890640280955104,0.2759645297582197,106.7595,14.328129629629629,0.8878562577447335,0.20138875,0.26581481481481484,1.71,4.055,5.84,7.245,9.25,10.705,11.62,13.315,15.46,16.295
+newest_first,2,0,elo,4.645258957985789,38125,0.5527859803278689,6.425,0.04296569144771333,0.5900698885245902,11.1,0.4646007545901689,0.3136248481884277,114.14,13.479185185185186,0.011135551278526258,0.19355850000000002,0.31953703703703706,1.065,3.165,6.745,8.79,12.07,17.395,22.81,28.73,38.0,51.855,0.5099617442622951,1.7500000000000002,0.24492017697564394,0.06683941632668064,32.733,18.138,0.05209391974767829,0.261833,0.021666666666666667,4.24,8.075,10.25,12.16,16.66,18.59,22.05,26.77,33.745,38.085
+newest_first,2,0,one_sided_oracle,1.9831974999979138,56623,0.5504691512282994,9.075,0.5492206512677574,0.6745063755011215,17.65,0.7646379556768258,0.8512817623252031,173.7415,7.559037037037037,0.4208752568194184,0.13595125000000002,0.6513703703703704,0.41,1.88,5.7,8.445,13.81,22.395,35.755,50.325,66.905,77.49,0.38096230330431097,0.5,0.8286708313788013,0.37270052844716434,123.141,12.237111111111112,0.6401867141701896,0.190773,0.3824814814814815,7.61,16.53,21.46,25.365,32.66,34.53,36.595,37.0,38.88,32.485
+newest_first,2,0,reciprocal_oracle,2.0668987079989165,88688,0.5127879871008479,3.125,0.23158522027220974,0.6112964549882735,6.15,0.7207602766165782,0.5728022893359297,154.7265,10.004518518518518,0.27823598086845175,0.16189425,0.5222037037037037,2.425,7.07,15.22,19.845,29.025,39.64,54.965,69.935,91.235,114.08,0.386429539509291,0.1,0.4848158185572607,0.27849717666709056,106.212,14.125018518518518,0.19956180744733448,0.23075425000000002,0.28075925925925926,17.2,33.52,41.955,47.545,57.01,55.06,54.94,49.33,47.37,39.51
+newest_first,2,1,random,2.8027472500689328,43206,0.5276396044530852,5.175,0.0878460349125738,0.6368088691385456,9.75,0.612369615644509,0.3466576561356085,123.112,13.153333333333334,0.0638104747208859,0.19894325000000002,0.3458888888888889,1.3,3.72,7.1,8.04,12.395,14.33,24.98,35.22,40.485,68.46,0.39005471462296903,0.6,0.3975457591461434,0.1023125127048381,49.5765,17.94664814814815,0.09752501786990708,0.29100225,0.04448148148148148,6.65,14.695,19.375,23.665,25.42,27.745,26.025,28.19,24.31,19.955
+newest_first,2,1,popularity,5.395877917064354,19255,0.6687257855102571,21.825,0.8427054070974808,0.8063935341469748,38.550000000000004,0.8713383884482334,0.7267280486429755,167.5675,8.539925925925926,0.780008944952035,0.12658475000000002,0.5981111111111111,0.13,0.32,0.79,1.205,2.99,2.955,11.0,17.8,26.04,33.045,0.4480728901584004,5.1,0.8889591701851493,0.2861250541908458,109.559,14.181703703703704,0.8836976143941994,0.199586,0.2803333333333333,1.53,3.52,5.125,7.04,8.705,10.775,12.155,15.505,15.695,16.225
+newest_first,2,1,elo,4.692627916811034,37689,0.5636492146249569,7.074999999999999,0.03829972285592995,0.6015636525246093,11.600000000000001,0.47437526946107783,0.3012626651640086,111.4705,13.70411111111111,0.015,0.19664925,0.30637037037037035,1.09,3.28,6.55,7.98,11.785,14.34,22.635,30.3,35.54,54.945,0.5201030141420574,2.55,0.25422131640209744,0.06815749278377443,33.4,18.149685185185184,0.0452810384810331,0.26197250000000005,0.023814814814814816,3.605,7.075,9.205,12.45,14.48,18.995,21.77,28.76,34.29,37.815
+newest_first,2,1,one_sided_oracle,2.109098582994193,53665,0.5587931752538898,9.625,0.5636811914896466,0.6816978384421877,18.8,0.7772947693584822,0.8419193941821095,173.4375,7.629722222222222,0.45181232589139614,0.1355405,0.6469444444444444,0.405,1.875,5.39,6.555,13.395,16.545,34.835,53.345,61.04,74.94,0.3906096431566198,0.44999999999999996,0.8312067618018018,0.38092820101950997,125.281,12.18087037037037,0.6444886486486486,0.18966625,0.39261111111111113,6.285,14.285,19.31,25.845,28.165,32.22,34.515,40.04,37.37,30.29
+newest_first,2,1,reciprocal_oracle,2.0555741658899933,86509,0.5213398201343212,3.25,0.2431053386185376,0.6174460749748582,6.4,0.7263840814383776,0.5632899795141294,153.7055,10.106333333333334,0.2936392016687121,0.162803,0.5147962962962963,2.39,7.185,15.36,17.415,26.55,31.77,55.85,75.955,84.23,115.84,0.3982017188962998,0.1,0.4960379410626165,0.2795910059937427,107.1485,14.193814814814814,0.2078780525095068,0.23110525,0.2823333333333333,13.81,30.855,39.75,48.57,51.735,55.945,52.09,55.865,46.25,37.675
+newest_first,2,2,random,2.798602208029479,45440,0.5295593639964788,4.475,0.07931028526021214,0.6477832306338028,8.55,0.6185881252921926,0.3502641705887733,124.469,13.161388888888888,0.0595666402422912,0.19906200000000002,0.3516111111111111,1.715,4.385,5.945,9.135,12.22,16.9,22.285,32.135,46.195,76.285,0.3770422975352113,0.4,0.3904306614498389,0.10093359005948675,49.197,18.052574074074073,0.08711406052912773,0.2935074999999999,0.04281481481481481,8.345,15.54,20.345,24.305,25.955,28.695,28.935,28.035,25.53,21.515
+newest_first,2,2,popularity,5.169796749949455,20201,0.6690520890054947,21.45,0.8400929712978145,0.8088690906390773,38.9,0.8717189808245097,0.7230812712919393,167.573,8.583277777777777,0.7773532729323582,0.12732249999999998,0.6003333333333334,0.125,0.375,0.56,1.03,2.29,3.96,7.43,16.995,28.025,40.215,0.4346552893421118,4.0,0.8884061125598993,0.2881750251981446,109.932,14.12875925925926,0.8812517529673635,0.19904775,0.2861296296296296,1.785,4.185,5.61,7.27,9.33,10.875,13.465,14.485,15.97,18.03
+newest_first,2,2,elo,4.539127541007474,38647,0.5686241752270551,6.5,0.03808591744971496,0.6114416254819262,10.65,0.4799924731828972,0.30359189603680686,112.836,13.765555555555556,0.013040473543463237,0.19747024999999999,0.31172222222222223,1.565,3.865,5.2,8.49,11.36,16.24,20.51,28.755,37.505,59.745,0.5194328279038476,2.35,0.24672316459286042,0.0677666884200431,33.281,18.189314814814814,0.045473075968662485,0.26288975,0.024666666666666667,4.365,7.205,9.705,12.19,15.335,18.375,22.965,27.87,34.01,41.215
+newest_first,2,2,one_sided_oracle,2.1102689169347286,55651,0.5590736734290489,8.3,0.5488020256687283,0.6877160069001456,16.1,0.779531809738227,0.8344088766030812,173.2625,7.69062962962963,0.44857021252898754,0.13661149999999997,0.6460370370370371,0.715,2.97,3.93,8.125,12.28,20.475,30.01,48.255,68.125,83.37,0.3790748144687427,0.5,0.8271246129427892,0.38287137156955314,125.7005,12.15962962962963,0.6215193708967607,0.19125,0.3955185185185185,7.55,15.475,20.63,25.03,30.095,33.08,37.25,38.105,39.29,31.75
+newest_first,2,2,reciprocal_oracle,2.1089716251008213,88306,0.5214311201956832,2.45,0.24267010562983962,0.625033236699658,4.7,0.7389979148751237,0.5617138113785838,153.9475,10.150648148148148,0.30394278158432503,0.16323374999999998,0.5159444444444444,3.395,9.275,11.97,19.275,25.82,36.985,49.305,70.09,91.245,124.17,0.3854572395986683,0.2,0.48958126146900727,0.28414833926912864,108.147,14.096314814814814,0.19962649604572988,0.23084975,0.29055555555555557,17.96,31.21,40.315,48.65,51.225,55.88,55.77,51.985,49.06,39.475
+carry_over,3,0,random,2.8587680829223245,45541,0.5242915394918864,4.775,0.06016960598649934,0.6385420280626248,9.25,0.6071464515731411,0.35766373358525677,125.315,12.976703703703704,0.03205859090115353,0.19699275,0.35762962962962963,1.235,3.635,7.06,9.355,12.935,17.975,24.965,33.27,45.645,71.63,0.3800153817439231,0.3,0.38695074013486014,0.10051116119593756,48.6765,17.936648148148148,0.07108885608267167,0.29325125,0.04225925925925926,8.445,15.95,21.38,23.86,28.445,28.185,29.27,26.13,25.015,21.025
+carry_over,3,0,popularity,6.555982083082199,22278,0.6680510144537212,21.25,0.7723494300783357,0.8265373013735524,39.25,0.8666092288864002,0.7317172149120414,167.688,8.487796296296297,0.6726299325706779,0.13149425,0.6013225651094728,0.13,0.305,0.745,1.045,2.545,4.675,10.295,16.265,26.85,48.535,0.40124194272376335,3.25,0.8877698076189113,0.27840792485594756,105.8145,14.076666666666666,0.8352744382424503,0.20163275000000003,0.2687688531654582,2.76,5.9,8.235,9.285,12.845,12.77,14.675,15.29,15.805,13.825
+carry_over,3,0,elo,4.676496708998457,38666,0.5541154567320126,6.525,0.01936717994799112,0.5923459111363989,11.25,0.4661691607375105,0.3139728580421176,114.2205,13.473740740740741,0.0029684033356284904,0.19371625,0.3204814814814815,1.105,3.095,6.495,8.82,12.875,17.565,23.295,28.92,38.43,52.73,0.5106119846893912,1.7999999999999998,0.24732454988377742,0.0667263601538826,32.6775,18.137925925925927,0.024058728511957134,0.26263075,0.02101851851851852,4.305,7.97,10.095,12.1,17.345,18.775,23.055,27.095,34.47,38.12
+carry_over,3,0,one_sided_oracle,3.181167666101828,53555,0.5551659322192138,9.049999999999999,0.5442931104493773,0.6815476332742041,17.45,0.765491382627705,0.8464933479799829,173.383,7.586111111111111,0.4087827603428936,0.13807824999999996,0.6493535361019523,0.43,1.88,5.675,8.2,13.45,21.82,35.12,49.17,63.655,68.375,0.38375668938474466,0.65,0.8280336192129563,0.3704556346187677,122.137,12.210888888888888,0.6397513020307642,0.18990425,0.3819083345713861,7.885,17.02,22.005,26.36,33.125,34.54,36.055,34.485,33.675,22.625
+carry_over,3,0,reciprocal_oracle,2.4577793751377612,73387,0.4937829077357025,3.1,0.23703950690571,0.6005497090765395,6.1,0.7287511721749749,0.5717209894029522,154.5965,10.015018518518518,0.3054284937491951,0.16482425,0.5207222222222222,2.325,6.345,13.96,17.665,26.305,35.53,49.74,60.785,75.79,78.49,0.35504278005641327,0.1,0.4794325631563457,0.2726508987012041,104.8265,14.239685185185186,0.1906673178241422,0.23354,0.27316666666666667,16.555,30.23,37.045,40.67,47.0,44.955,43.575,39.08,36.65,31.175
+carry_over,3,1,random,2.8631315829697996,44280,0.5316979844173442,4.9750000000000005,0.0646211374572439,0.6412083333333334,9.65,0.6148866207077803,0.3464453067799092,123.0255,13.152148148148148,0.04743806164016618,0.19928075,0.34524074074074074,1.24,3.35,6.73,8.46,12.37,14.71,25.455,36.575,41.45,71.06,0.39331470189701895,0.3,0.39625680651572237,0.10205241625180267,49.4645,17.95174074074074,0.07152988608052802,0.292478,0.044333333333333336,6.845,15.165,19.575,24.44,25.61,28.07,27.055,29.005,25.735,19.9
+carry_over,3,1,popularity,6.863850957946852,20576,0.6700927172433904,20.875,0.7744028920332976,0.8210701302488336,38.1,0.8713935759963378,0.7250603740483642,167.382,8.550092592592593,0.6882927122492105,0.1318395,0.5966397451096621,0.135,0.31,0.71,0.95,2.295,2.695,9.97,17.59,24.98,43.245,0.42230812597200623,3.65,0.8877768487651002,0.2865028992476661,108.1335,13.978722222222222,0.8300325005078204,0.20060525,0.2813172823095501,2.11,5.025,6.535,8.46,10.49,12.885,13.585,15.775,14.965,13.05
+carry_over,3,1,elo,4.7053785000462085,38374,0.566187060249127,7.124999999999999,0.01747377556150948,0.6048102100380466,11.95,0.4744612199132905,0.3023339813232793,111.744,13.689055555555555,0.0022873374196441918,0.19676225,0.30753703703703705,1.17,3.14,6.665,7.83,11.615,14.2,22.99,31.09,37.015,56.155,0.5217490227758378,2.3,0.25759847061139746,0.06826945255839492,33.445,18.144333333333332,0.022019079324169532,0.2626025,0.024444444444444446,3.5,7.12,9.595,12.805,14.675,19.065,22.975,29.59,34.545,38.0
+carry_over,3,1,one_sided_oracle,3.284937582910061,50437,0.5634076570771458,9.8,0.55958944222303,0.6909732636754763,19.1,0.7781940303016875,0.8362333377645111,172.9895,7.661759259259259,0.4413040763463948,0.13762875,0.6448141081451568,0.38,1.8,5.265,6.22,12.85,16.24,34.04,51.765,58.905,64.72,0.38910967147134046,0.5,0.8304344497787438,0.3783212477558622,124.1185,12.151,0.6444581896589099,0.18872724999999999,0.3914966365629762,6.495,14.67,19.665,26.24,28.645,32.73,33.895,37.56,32.015,20.27
+carry_over,3,1,reciprocal_oracle,2.5266077499836683,70655,0.5040398061000637,3.15,0.2504349771805763,0.6130219588139552,6.2,0.7347487554419837,0.5617098331870062,153.549,10.124444444444444,0.3219761499148211,0.16579125000000003,0.5132592592592593,2.175,6.515,13.835,15.18,23.09,27.665,49.34,66.48,71.115,77.88,0.36266792866746866,0.1,0.49129466489524515,0.27356968829211836,105.66,14.304703703703703,0.2012061296393985,0.233785,0.2750740740740741,13.51,28.23,34.8,40.865,43.28,44.87,41.505,43.035,34.615,28.565
+carry_over,3,2,random,2.84617858286947,46358,0.5313825121877561,4.3999999999999995,0.05556691441785191,0.6503471892661461,8.35,0.6182844644400386,0.35060224501955833,124.451,13.146796296296296,0.042966803924559,0.1992665,0.35409259259259257,1.71,4.405,6.02,8.95,12.27,17.275,22.93,32.305,46.535,79.39,0.3780783683506622,0.44999999999999996,0.39016574394741704,0.10083410736364251,49.1775,18.063222222222223,0.060545917670408435,0.2950545,0.04287037037037037,8.45,16.06,20.535,24.765,26.275,29.23,29.38,28.745,26.325,22.025
+carry_over,3,2,popularity,6.661140792071819,22327,0.67345964527254,20.549999999999997,0.7697948170013944,0.8267213463519506,37.7,0.871396849098561,0.7218442590231072,167.269,8.58238888888889,0.6840323084557,0.132559,0.6000852025412584,0.175,0.48,0.61,1.16,2.505,3.8,5.505,15.735,28.14,53.525,0.41224613696421375,3.4000000000000004,0.8874450854611434,0.28877036565302766,108.826,13.957777777777778,0.8255923093938506,0.20070425,0.2880499850344208,2.6,5.495,7.5,9.33,11.52,13.555,14.955,15.61,16.08,14.99
+carry_over,3,2,elo,4.577381958020851,38967,0.569902597069315,6.4750000000000005,0.017585142712304463,0.6113804116303538,10.5,0.4792560713907905,0.3039862345856037,112.89,13.754277777777778,0.0028864608363180244,0.19747950000000003,0.31357407407407406,1.54,4.005,5.14,8.21,11.685,16.36,20.595,28.645,37.965,60.69,0.5227219570405728,2.45,0.24858949419789175,0.06737128684645646,33.0855,18.18859259259259,0.021892993179200994,0.2634565,0.024296296296296295,4.295,6.96,9.515,12.24,15.1,18.535,23.485,28.96,33.94,41.805
+carry_over,3,2,one_sided_oracle,3.296288541983813,52097,0.5625111570723842,8.725,0.5453671167005734,0.6938321880338599,16.900000000000002,0.7802972962124496,0.8288363036430257,172.819,7.722518518518519,0.44004383218534754,0.138618,0.6442793902461612,0.685,2.885,3.825,7.805,11.975,19.675,29.33,47.42,64.61,72.275,0.3791131255158646,0.5499999999999999,0.8264838935533708,0.37995568007296165,124.566,12.142351851851853,0.6212829607855618,0.19050675,0.39395007887167116,7.7,15.95,21.28,25.74,30.435,32.92,36.025,35.23,33.695,21.51
+carry_over,3,2,reciprocal_oracle,2.5734633749816567,71989,0.4988952339940824,2.4250000000000003,0.25114068550451957,0.6099431927099973,4.65,0.7457405983366018,0.5604243912033159,153.869,10.168814814814814,0.3369106847827613,0.16599675000000003,0.5156481481481482,3.305,8.5,10.71,17.335,23.32,32.7,44.695,62.11,74.185,83.085,0.35185506813540957,0.2,0.484099022545152,0.2785162416425835,106.8295,14.206166666666666,0.19159154865502473,0.233586,0.2838148148148148,17.13,28.08,35.265,40.565,41.935,44.845,43.7,40.03,37.585,30.81
